JUDETUL ALBA,2011,342376,10
MUNICIPIUL ALBA IULIA,2011,63536,1017
MUNICIPIUL AIUD,2011,22876,1213
MUNICIPIUL BLAJ,2011,20630,1348
MUNICIPIUL SEBES,2011,27019,1874
ORAS ABRUD,2011,5072,1151
ORAS BAIA DE ARIES,2011,3461,2915
ORAS CAMPENI,2011,7221,1455
ORAS CUGIR,2011,21376,1696
ORAS OCNA MURES,2011,13036,1794
ORAS TEIUS,2011,6695,8096
ORAS ZLATNA,2011,7490,1936
ALBAC,2011,2089,2130
ALMASU MARE,2011,1289,2309
ARIESENI,2011,1765,2381
AVRAM IANCU,2011,1636,2577
BERGHIN,2011,1893,2988
BISTRA,2011,4540,3039
BLANDIANA,2011,923,3397
BUCERDEA GRANOASA,2011,2235,9026
BUCIUM,2011,1454,3459
CALNIC,2011,1681,4106
CENADE,2011,943,3761
CERGAU,2011,1490,3805
CERU-BACAINTI,2011,269,3841
CETATEA DE BALTA,2011,2930,3958
CIUGUD,2011,3048,1071
CIURULEASA,2011,1197,4008
CRACIUNELU DE JOS,2011,1954,4188
CRICAU,2011,1912,4142
CUT,2011,1075,9019
DAIA ROMANA,2011,2773,4240
DOSTAT,2011,956,4268
FARAU,2011,1569,4302
GALDA DE JOS,2011,4516,4366
GARBOVA,2011,2050,4482
GARDA DE SUS,2011,1714,4525
HOPARTA,2011,1152,4703
HOREA,2011,2143,4767
IGHIU,2011,6283,4927
INTREGALDE,2011,577,4981
JIDVEI,2011,4617,5103
LIVEZILE,2011,1192,5167
LOPADEA NOUA,2011,2759,5210
LUNCA MURESULUI,2011,2404,5309
LUPSA,2011,3052,5336
METES,2011,2860,5577
MIHALT,2011,3051,5700
MIRASLAU,2011,1985,5755
MOGOS,2011,731,5826
NOSLAC,2011,1661,6048
OCOLIS,2011,616,6119
OHABA,2011,757,6164
PIANU,2011,3082,6217
POIANA VADULUI,2011,1139,6271
PONOR,2011,540,6397
POSAGA,2011,1048,6468
RADESTI,2011,1200,6547
RAMET,2011,574,6627
RAMETEA,2011,1126,6592
ROSIA DE SECAS,2011,1542,6930
ROSIA MONTANA,2011,2656,6761
SALCIUA,2011,1428,6976
SALISTEA,2011,2197,7044
SANCEL,2011,2411,7348
SANTIMBRU,2011,2723,7384
SASCIORI,2011,5757,7099
SCARISOARA,2011,1661,7197
SIBOT,2011,2236,7810
SOHODOL,2011,1729,7446
SONA,2011,4067,7865
SPRING,2011,2420,7945
STREMT,2011,2418,7767
SUGAG,2011,2726,8014
UNIREA,2011,4796,8158
VADU MOTILOR,2011,1348,8229
VALEA LUNGA,2011,2907,8354
VIDRA,2011,1691,8425
VINTU DE JOS,2011,4801,8826
JUDETUL ARAD,2011,430629,29
MUNICIPIUL ARAD,2011,159074,9262
ORAS CHISINEU-CRIS,2011,7987,9459
ORAS CURTICI,2011,7453,9495
ORAS INEU,2011,9260,9538
ORAS LIPOVA,2011,10313,9574
ORAS NADLAC,2011,7398,9627
ORAS PANCOTA,2011,6946,9654
ORAS PECICA,2011,12762,11584
ORAS SANTANA,2011,11428,12091
ORAS SEBIS,2011,5979,9690
ALMAS,2011,2532,9743
APATEU,2011,3176,9798
ARCHIS,2011,1515,9832
BARSA,2011,1791,10051
BARZAVA,2011,2707,10104
BATA,2011,1088,9887
BELIU,2011,3057,9930
BIRCHIS,2011,1854,10006
BOCSIG,2011,3231,10195
BRAZII,2011,1155,10239
BUTENI,2011,3403,10293
CARAND,2011,1036,10346
CERMEI,2011,2722,10373
CHISINDIA,2011,1340,10417
CONOP,2011,2258,10453
COVASINT,2011,2573,10514
CRAIVA,2011,2880,10532
DEZNA,2011,1198,10649
DIECI,2011,1490,10701
DOROBANTI,2011,1635,12912
FANTINELE,2011,3090,9280
FELNAC,2011,2931,10827
FRUMUSENI,2011,2543,12920
GHIOROC,2011,3790,10872
GRANICERI,2011,2254,10916
GURAHONT,2011,3973,10943
HALMAGEL,2011,1305,11174
HALMAGIU,2011,2852,11058
HASMAS,2011,1300,11236
IGNESTI,2011,679,11307
IRATOSU,2011,2395,11352
LIVADA,2011,2960,9333
MACEA,2011,5762,11398
MISCA,2011,3733,11423
MONEASA,2011,864,11478
OLARI,2011,1937,11502
PAULIS,2011,4120,11539
PEREGU MARE,2011,1625,11637
PETRIS,2011,1525,11664
PILU,2011,2060,11735
PLESCUTA,2011,1219,11762
SAGU,2011,3776,12144
SAVARSIN,2011,2890,11842
SECUSIGIU,2011,5509,11940
SEITIN,2011,2936,12206
SELEUS,2011,3044,11995
SEMLAC,2011,3667,12037
SEPREUS,2011,2481,12224
SICULA,2011,4301,12242
SILINDIA,2011,904,12288
SIMAND,2011,3982,12340
SINTEA MARE,2011,3742,12055
SIRIA,2011,8103,12368
SISTAROVAT,2011,358,12402
SOCODOR,2011,2367,12126
SOFRONEA,2011,2575,9360
TARNOVA,2011,5935,12509
TAUT,2011,1779,12457
USUSAU,2011,1392,10765
VARADIA DE MURES,2011,1755,12572
VARFURILE,2011,2715,12689
VINGA,2011,6150,12643
VLADIMIRESCU,2011,10710,9397
ZABRANI,2011,4251,12778
ZADARENI,2011,2495,12938
ZARAND,2011,2677,12812
ZERIND,2011,1320,12849
ZIMANDU NOU,2011,4657,12876
JUDETUL ARGES,2011,612431,38
MUNICIPIUL PITESTI,2011,155383,13169
MUNICIPIUL CAMPULUNG,2011,31767,13490
MUNICIPIUL CURTEA DE ARGES,2011,27359,13622
ORAS COSTESTI,2011,10375,13668
ORAS MIOVENI,2011,31998,13301
ORAS STEFANESTI,2011,14541,13392
ORAS TOPOLOVENI,2011,10219,13757
ALBESTII DE ARGES,2011,5456,13819
ALBESTII DE MUSCEL,2011,1578,13891
ALBOTA,2011,3842,13935
ANINOASA,2011,3299,13999
AREFU,2011,2405,14049
BABANA,2011,2820,14085
BAICULESTI,2011,5826,14165
BALILESTI,2011,4105,14272
BARLA,2011,5142,14450
BASCOV,2011,10218,13187
BELETI-NEGRESTI,2011,1941,14352
BEREVOESTI,2011,3372,14405
BOGATI,2011,4636,14584
BOTENI,2011,2495,14673
BOTESTI,2011,1207,14726
BRADU,2011,7130,13276
BRADULET,2011,1867,14753
BUDEASA,2011,4004,14851
BUGHEA DE JOS,2011,2862,14922
BUGHEA DE SUS,2011,2997,20063
BUZOESTI,2011,5975,14940
CALDARARU,2011,2562,15064
CALINESTI,2011,10872,15108
CATEASCA,2011,4006,15233
CEPARI,2011,2289,15313
CETATENI,2011,3057,15402
CICANESTI,2011,2107,15448
CIOFRANGENI,2011,2326,15493
CIOMAGESTI,2011,1172,15554
COCU,2011,2420,15652
CORBENI,2011,5384,15741
CORBI,2011,3784,15830
COSESTI,2011,5358,15901
COTMEANA,2011,2148,15983
CUCA,2011,2108,16132
DAMBOVICIOARA,2011,943,16329
DARMANESTI,2011,3513,16365
DAVIDESTI,2011,3111,16285
DOBRESTI,2011,1808,16427
DOMNESTI,2011,3201,16454
DRAGANU,2011,2026,16506
DRAGOSLAVELE,2011,2613,16472
GODENI,2011,3037,16551
HARSESTI,2011,2480,16613
HARTIESTI,2011,2165,16659
IZVORU,2011,2292,16739
LEORDENI,2011,5994,16757
LERESTI,2011,4632,16908
LUNCA CORBULUI,2011,2954,16944
MALURENI,2011,4825,17049
MARACINENI,2011,5193,13365
MERISANI,2011,4569,17101
MICESTI,2011,4388,17209
MIHAESTI,2011,5909,17254
MIOARELE,2011,1624,17334
MIROSI,2011,2544,17398
MORARESTI,2011,2105,17423
MOSOAIA,2011,5693,17496
MOZACENI,2011,2242,17575
MUSATESTI,2011,3870,17619
NEGRASI,2011,2387,17726
NUCSOARA,2011,1442,17771
OARJA,2011,2948,17824
PIETROSANI,2011,5702,17851
POIANA LACULUI,2011,6642,18028
POIENARII DE ARGES,2011,1117,17913
POIENARII DE MUSCEL,2011,3299,17968
POPESTI,2011,2191,18162
PRIBOIENI,2011,3549,18242
RACA,2011,1271,20048
RATESTI,2011,3166,18331
RECEA,2011,2992,18411
ROCIU,2011,2673,18475
RUCAR,2011,5752,18527
SALATRUCU,2011,2220,18554
SAPATA,2011,1782,18581
SCHITU GOLESTI,2011,4679,18670
SLOBOZIA,2011,4619,18741
STALPENI,2011,4868,18778
STEFAN CEL MARE,2011,2443,19114
STOENESTI,2011,4379,18858
STOLNICI,2011,3382,18938
SUICI,2011,2561,19141
SUSENI,2011,3467,19007
TEIU,2011,1594,19212
TIGVENI,2011,3444,19249
TITESTI,2011,4937,19338
UDA,2011,2174,19392
UNGHENI,2011,3187,19560
VALEA DANULUI,2011,2802,19631
VALEA IASULUI,2011,2533,19695
VALEA MARE PRAVAT,2011,4066,13524
VEDEA,2011,4041,19793
VLADESTI,2011,3092,19999
VULTURESTI,2011,2887,20055
JUDETUL BACAU,2011,616168,47
MUNICIPIUL BACAU,2011,144307,20297
MUNICIPIUL MOINESTI,2011,21787,20876
MUNICIPIUL ONESTI,2011,39172,20563
ORAS BUHUSI,2011,14562,20778
ORAS COMANESTI,2011,19568,20821
ORAS DARMANESTI,2011,12247,22166
ORAS SLANIC MOLDOVA,2011,4198,20910
ORAS TARGU OCNA,2011,11300,20965
AGAS,2011,5884,21007
ARDEOANI,2011,2182,21098
ASAU,2011,6698,21123
BALCANI,2011,7173,21196
BARSANESTI,2011,4527,21454
BERESTI-BISTRITA,2011,1983,21249
BERESTI-TAZLAU,2011,5342,21338
BERZUNTI,2011,4625,21418
BLAGESTI,2011,7080,21506
BOGDANESTI,2011,2550,21560
BRUSTUROASA,2011,3138,21597
BUCIUMI,2011,2984,26338
BUHOCI,2011,4119,21668
CAIUTI,2011,5252,21757
CASIN,2011,3387,21720
CLEJA,2011,6761,21855
COLONESTI,2011,2106,21891
CORBASCA,2011,4914,21971
COTOFANESTI,2011,3199,22059
DAMIENESTI,2011,1715,22111
DEALU MORII,2011,2739,22237
DOFTEANA,2011,9346,22380
FARAOANI,2011,3932,22460
FILIPENI,2011,2286,22488
FILIPESTI,2011,4346,22576
GAICEANA,2011,3069,22665
GARLENI,2011,5914,22781
GHIMES-FAGET,2011,5094,22718
GIOSENI,2011,3249,26346
GLAVANESTI,2011,3321,22834
GURA VAII,2011,4711,20607
HELEGIU,2011,6567,22898
HEMEIUS,2011,4755,20313
HORGESTI,2011,4583,22941
HURUIESTI,2011,2578,23047
ITESTI,2011,1598,26379
IZVORU BERHECIULUI,2011,1537,23127
LETEA VECHE,2011,5817,20359
LIPOVA,2011,2890,23207
LIVEZI,2011,5038,23289
LUIZI-CALUGARA,2011,3553,23350
MAGIRESTI,2011,3994,23387
MAGURA,2011,4151,20411
MANASTIREA CASIN,2011,4730,23449
MARGINENI,2011,7993,20466
MOTOSENI,2011,3505,23494
NEGRI,2011,2709,23644
NICOLAE BALCESCU,2011,7169,23715
ODOBESTI,2011,2397,26353
OITUZ,2011,8152,23797
ONCESTI,2011,1621,23868
ORBENI,2011,3760,23948
PALANCA,2011,3319,23975
PANCESTI,2011,3919,24187
PARAVA,2011,2681,24034
PARGARESTI,2011,4445,24276
PARINCEA,2011,3588,24089
PARJOL,2011,5525,24338
PLOPANA,2011,3059,24427
PODU TURCULUI,2011,4617,24524
PODURI,2011,6962,24631
PRAJESTI,2011,1869,26361
RACACIUNI,2011,7252,24766
RACHITOASA,2011,5080,24837
RACOVA,2011,3328,24711
ROSIORI,2011,2097,24999
SANDULENI,2011,3863,25148
SARATA,2011,1914,26320
SASCUT,2011,8564,25068
SAUCESTI,2011,4772,25228
SCORTENI,2011,2676,25291
SECUIENI,2011,2131,25362
SOLONT,2011,3298,25488
STANISESTI,2011,4514,25521
STEFAN CEL MARE,2011,4742,20670
STRUGARI,2011,2507,25629
TAMASI,2011,2738,25692
TARGU TROTUS,2011,4969,25825
TATARASTI,2011,2397,25745
TRAIAN,2011,2319,25861
UNGURENI,2011,3509,25932
URECHESTI,2011,3344,26029
VALEA SEACA,2011,3867,26083
VULTURENI,2011,2071,26118
ZEMES,2011,4368,26289
JUDETUL BIHOR,2011,575398,56
MUNICIPIUL ORADEA,2011,196367,26564
MUNICIPIUL BEIUS,2011,10667,26804
MUNICIPIUL MARGHITA,2011,15770,26877
MUNICIPIUL SALONTA,2011,17735,26975
ORAS ALESD,2011,10066,26699
ORAS NUCET,2011,2165,26920
ORAS SACUENI,2011,11526,30915
ORAS STEI,2011,6529,26840
ORAS VALEA LUI MIHAI,2011,9902,32027
ORAS VASCAU,2011,2315,27007
ABRAM,2011,2808,27070
ABRAMUT,2011,3071,27169
ASTILEU,2011,3561,26742
AUSEU,2011,3033,27212
AVRAM IANCU,2011,3316,27285
BALC,2011,3281,27329
BATAR,2011,4920,27383
BIHARIA,2011,4205,27436
BOIANU MARE,2011,1343,27506
BOROD,2011,3843,27560
BORS,2011,3946,27631
BRATCA,2011,5158,27686
BRUSTURI,2011,3469,27757
BUDUREASA,2011,2581,27846
BUDUSLAU,2011,1907,27908
BULZ,2011,2104,27935
BUNTESTI,2011,4253,27971
CABESTI,2011,1848,28077
CAMPANI,2011,2427,28709
CAPALNA,2011,1663,28139
CARPINET,2011,1932,28193
CEFA,2011,2272,28246
CEICA,2011,3591,28335
CETARIU,2011,2165,28415
CHERECHIU,2011,2416,28497
CHISLAZ,2011,3135,28530
CIUHOI,2011,2333,28610
CIUMEGHIU,2011,4297,28665
COCIUBA MARE,2011,2798,28763
COPACEL,2011,2297,28816
CRISTIORU DE JOS,2011,1354,28889
CURATELE,2011,2509,28941
CURTUISENI,2011,3780,29001
DERNA,2011,2616,29038
DIOSIG,2011,6816,29092
DOBRESTI,2011,5260,29154
DRAGANESTI,2011,2967,29243
DRAGESTI,2011,2586,29341
FINIS,2011,3680,29403
GEPIU,2011,1797,32195
GIRISU DE CRIS,2011,3588,29467
HIDISELU DE SUS,2011,3315,29519
HOLOD,2011,3309,29573
HUSASAU DE TINCA,2011,2395,29662
INEU,2011,4399,29724
LAZARENI,2011,3233,29813
LAZURI DE BEIUS,2011,1518,29760
LUGASU DE JOS,2011,3580,29902
LUNCA,2011,2887,29948
MADARAS,2011,2828,30014
MAGESTI,2011,2717,30069
NOJORID,2011,5240,30149
OLCEA,2011,2773,30229
OSORHEI,2011,6532,30274
PALEU,2011,2523,32161
PIETROASA,2011,3209,30336
POCOLA,2011,1571,30416
POMEZEU,2011,2922,30470
POPESTI,2011,7362,30568
RABAGANI,2011,2073,30648
REMETEA,2011,2906,30719
RIENI,2011,3050,30773
ROSIA,2011,2384,30844
ROSIORI,2011,3113,32187
SACADAT,2011,1910,30871
SALACEA,2011,3036,30988
SALARD,2011,4340,31011
SAMBATA,2011,1475,31057
SANMARTIN,2011,9572,26582
SANNICOLAU ROMAN,2011,2194,32179
SANTANDREI,2011,4912,26653
SARBI,2011,2609,31128
SIMIAN,2011,3876,31333
SINTEU,2011,1021,31379
SOIMI,2011,2543,31422
SPINUS,2011,1285,31208
SUNCUIUS,2011,3259,31510
SUPLACU DE BARCAU,2011,4356,31262
TAMASEU,2011,2019,32153
TARCAIA,2011,1969,31609
TARCEA,2011,2690,31565
TAUTEU,2011,4063,31654
TETCHEA,2011,3141,31878
TILEAGD,2011,6968,31716
TINCA,2011,7793,31789
TOBOLIU,2011,2088,32201
TULCA,2011,2773,31841
UILEACU DE BEIUS,2011,2050,31921
VADU CRISULUI,2011,4009,31976
VARCIOROG,2011,2304,32090
VIISOARA,2011,1336,32045
JUDETUL BISTRITA-NASAUD,2011,286225,65
MUNICIPIUL BISTRITA,2011,75076,32394
ORAS BECLEAN,2011,10628,32483
ORAS NASAUD,2011,9587,32544
ORAS SANGEORZ-BAI,2011,9679,32599
BISTRITA BARGAULUI,2011,3815,32633
BRANISTEA,2011,3047,32660
BUDACU DE JOS,2011,2772,32704
BUDESTI,2011,1856,32768
CAIANU MIC,2011,3357,32811
CETATE,2011,2330,32884
CHIOCHIS,2011,3086,33015
CHIUZA,2011,1866,33122
CICEU-MIHAIESTI,2011,1286,179953
CICEU-GIURGESTI,2011,1505,32955
COSBUC,2011,1524,33177
DUMITRA,2011,4282,33202
DUMITRITA,2011,2730,179686
FELDRU,2011,7669,33248
GALATII BISTRITEI,2011,2201,33275
ILVA MARE,2011,2274,33337
ILVA MICA,2011,3264,33364
JOSENII BARGAULUI,2011,4541,33382
LECHINTA,2011,5678,33435
LESU,2011,2510,33514
LIVEZILE,2011,4250,33541
LUNCA ILVEI,2011,3086,33603
MAGURA ILVEI,2011,1821,33729
MAIERU,2011,7089,33621
MARISELU,2011,2383,33765
MATEI,2011,2563,33658
MICESTII DE CAMPIE,2011,1086,33845
MILAS,2011,1286,33881
MONOR,2011,1390,33952
NEGRILESTI,2011,2447,179659
NIMIGEA,2011,5075,33989
NUSENI,2011,3037,34075
PARVA,2011,2371,34155
PETRU RARES,2011,3351,34173
POIANA ILVEI,2011,1407,179720
PRUNDU BARGAULUI,2011,5633,34235
REBRA,2011,3163,34262
REBRISOARA,2011,4269,34280
RODNA,2011,5777,34333
ROMULI,2011,1672,34360
RUNCU SALVEI,2011,1228,179944
SALVA,2011,2738,34397
SANMIHAIU DE CIMPIE,2011,1459,34477
SANT,2011,3228,34618
SIEU,2011,2827,34645
SIEU-MAGHERUS,2011,3756,34690
SIEU-ODORHEI,2011,2262,34770
SIEUT,2011,2652,34850
SILIVASU DE CIMPIE,2011,1011,34422
SINTEREAG,2011,3576,34903
SPERMEZEU,2011,3123,34547
TARLISUA,2011,3113,35152
TEACA,2011,5329,34985
TELCIU,2011,5798,35054
TIHA BARGAULUI,2011,5722,35090
URIU,2011,3208,35269
URMENIS,2011,1949,35312
ZAGRA,2011,3527,35429
JUDETUL BOTOSANI,2011,412626,74
MUNICIPIUL BOTOSANI,2011,106847,35731
MUNICIPIUL DOROHOI,2011,24309,36006
ORAS BUCECEA,2011,4274,36453
ORAS DARABANI,2011,9893,35946
ORAS FLAMANZI,2011,10136,37280
ORAS SAVENI,2011,6999,36060
ORAS STEFANESTI,2011,5314,39168
ADASENI,2011,1388,40035
ALBESTI,2011,6387,36131
AVRAMENI,2011,3751,36202
BALUSENI,2011,4670,36300
BLANDESTI,2011,2000,39983
BRAESTI,2011,1937,36373
BROSCAUTI,2011,2928,36426
CALARASI,2011,3553,36499
CANDESTI,2011,1847,39967
CONCESTI,2011,1761,36532
COPALAU,2011,4053,36569
CORDARENI,2011,1783,36649
CORLATENI,2011,2211,36676
CORNI,2011,6545,36756
COSULA,2011,2944,39975
COTUSCA,2011,4627,36809
CRISTESTI,2011,4535,36907
CRISTINESTI,2011,3617,36952
CURTESTI,2011,4577,35759
DANGENI,2011,3033,37057
DERSCA,2011,3124,37011
DIMACHENI,2011,1413,39959
DOBARCENI,2011,2729,37100
DRAGUSENI,2011,2556,37173
DURNESTI,2011,3741,37217
FRUMUSICA,2011,5657,37324
GEORGE ENESCU,2011,3279,37397
GORBANESTI,2011,3434,37459
HANESTI,2011,2176,37618
HAVARNA,2011,4569,37547
HILISEU-HORIA,2011,3415,37672
HLIPICENI,2011,3420,37734
HUDESTI,2011,6067,37770
IBANESTI,2011,3901,37823
LEORDA,2011,2181,37850
LOZNA,2011,1890,39942
LUNCA,2011,4355,37912
MANOLEASA,2011,3315,37958
MIHAI EMINESCU,2011,6954,38063
MIHAILENI,2011,2326,38161
MIHALASENI,2011,2214,38241
MILEANCA,2011,2726,38321
MITOC,2011,1878,38376
NICSENI,2011,2604,38456
PALTINIS,2011,2794,38492
POMARLA,2011,2661,38544
PRAJENI,2011,3210,38580
RACHITI,2011,4443,35839
RADAUTI-PRUT,2011,3339,38633
RAUSENI,2011,2817,38679
RIPICENI,2011,1917,38731
ROMA,2011,3249,38811
ROMANESTI,2011,1944,38848
SANTA MARE,2011,2749,38893
SENDRICENI,2011,3895,39122
STAUCENI,2011,3619,35884
STIUBIENI,2011,2695,39220
SUHARAU,2011,4792,38982
SULITA,2011,3060,39051
TODIRENI,2011,3323,39266
TRUSESTI,2011,5229,39328
TUDORA,2011,5096,39391
UNGURENI,2011,6623,39417
UNTENI,2011,2771,39532
VACULESTI,2011,1948,39612
VARFU CAMPULUI,2011,3420,39694
VIISOARA,2011,1953,39658
VLADENI,2011,4560,39738
VLASINESTI,2011,3132,39792
VORNICENI,2011,4052,39836
VORONA,2011,7492,39872
JUDETUL BRASOV,2011,549217,83
MUNICIPIUL BRASOV,2011,253200,40198
MUNICIPIUL CODLEA,2011,21708,40241
MUNICIPIUL FAGARAS,2011,30714,40278
MUNICIPIUL SACELE,2011,30798,40438
ORAS GHIMBAV,2011,4698,40214
ORAS PREDEAL,2011,4755,40303
ORAS RASNOV,2011,15022,40367
ORAS RUPEA,2011,5269,40394
ORAS VICTORIA,2011,7386,40465
ORAS ZARNESTI,2011,23476,40492
APATA,2011,3169,40526
AUGUSTIN,2011,1860,42498
BECLEAN,2011,1826,40544
BOD,2011,3994,40606
BRAN,2011,5181,40633
BUDILA,2011,4197,40688
BUNESTI,2011,2357,40704
CATA,2011,2463,40768
CINCU,2011,1587,40820
COMANA,2011,2721,40857
CRISTIAN,2011,4490,40900
CRIZBAV,2011,2518,42456
DRAGUS,2011,1162,42480
DUMBRAVITA,2011,4624,40928
FELDIOARA,2011,6154,40955
FUNDATA,2011,852,40991
HALCHIU,2011,4218,41033
HARMAN,2011,5402,41088
HARSENI,2011,2103,41113
HOGHIZ,2011,5025,41177
HOLBAV,2011,1309,42472
HOMOROD,2011,2209,41248
JIBERT,2011,2250,41284
LISA,2011,1744,41346
MAIERUS,2011,2920,41382
MANDRA,2011,2762,41417
MOIECIU,2011,4892,41471
ORMENIS,2011,1976,41541
PARAU,2011,1874,41578
POIANA MARULUI,2011,3315,41621
PREJMER,2011,8472,41667
RACOS,2011,3336,41701
RECEA,2011,3118,41738
SAMBATA DE SUS,2011,1581,42464
SANPETRU,2011,4819,41925
SERCAIA,2011,2822,41818
SINCA,2011,3401,41854
SINCA NOUA,2011,1690,42449
SOARS,2011,1755,41943
TARLUNGENI,2011,8320,42003
TELIU,2011,4198,42058
TICUSU,2011,908,42076
UCEA,2011,2195,42101
UNGRA,2011,1949,42156
VAMA BUZAULUI,2011,3220,42183
VISTEA,2011,2026,42236
VOILA,2011,2660,42307
VULCAN,2011,4567,42398
JUDETUL BRAILA,2011,321212,92
MUNICIPIUL BRAILA,2011,180302,42682
ORAS FAUREI,2011,3592,42753
ORAS IANCA,2011,10343,43331
ORAS INSURATEI,2011,6528,43411
BARAGANUL,2011,3062,42824
BERTESTII DE JOS,2011,3110,42842
BORDEI VERDE,2011,2654,42913
CAZASU,2011,2939,44560
CHISCANI,2011,5340,42708
CIOCILE,2011,2802,42968
CIRESU,2011,3106,43019
DUDESTI,2011,3613,43073
FRECATEI,2011,1344,43117
GALBENU,2011,3168,43180
GEMENELE,2011,1819,43242
GRADISTEA,2011,2308,43279
GROPENI,2011,3296,43313
JIRLAU,2011,3059,43466
MARASU,2011,2913,43493
MAXINENI,2011,3310,43563
MIRCEA VODA,2011,3167,43625
MOVILA MIRESII,2011,4051,43652
RACOVITA,2011,1149,43698
RIMNICELU,2011,2074,43732
ROMANU,2011,1782,43787
ROSIORI,2011,2808,43812
SALCIA TUDOR,2011,2563,43867
SCORTARU NOU,2011,1261,43929
SILISTEA,2011,1638,43992
STANCUTA,2011,3464,44060
SURDILA-GAISEANCA,2011,2501,44113
SURDILA-GRECI,2011,1505,42771
SUTESTI,2011,4428,44140
TICHILESTI,2011,3864,44177
TRAIAN,2011,3339,44202
TUDOR VLADIMIRESCU,2011,2107,44257
TUFESTI,2011,5226,44300
ULMU,2011,3877,44328
UNIREA,2011,2399,44355
VADENI,2011,4127,44391
VICTORIA,2011,3721,44435
VISANI,2011,2495,44462
VIZIRU,2011,5906,44505
ZAVOAIA,2011,3152,44532
JUDETUL BUZAU,2011,451069,109
MUNICIPIUL BUZAU,2011,115494,44818
MUNICIPIUL RAMNICU SARAT,2011,33843,44845
ORAS NEHOIU,2011,10211,47916
ORAS PATARLAGELE,2011,7304,48325
ORAS POGOANELE,2011,7275,48744
AMARU,2011,2640,44863
BALACEANU,2011,1632,44989
BALTA ALBA,2011,2590,44934
BECENI,2011,4403,45003
BERCA,2011,8534,45101
BISOCA,2011,2791,45245
BLAJANI,2011,1132,45334
BOLDU,2011,2380,45361
BOZIORU,2011,1161,45389
BRADEANU,2011,2565,45496
BRAESTI,2011,2399,45539
BREAZA,2011,2913,45619
BUDA,2011,2870,45673
C.A. ROSETTI,2011,3713,45815
CALVINI,2011,4536,45753
CANESTI,2011,898,45888
CATINA,2011,2544,45959
CERNATESTI,2011,3847,46019
CHILIILE,2011,623,46108
CHIOJDU,2011,3509,46180
CILIBIA,2011,1864,46251
CISLAU,2011,4697,46313
COCHIRLEANCA,2011,5092,46377
COLTI,2011,1094,46439
COSTESTI,2011,4817,46484
COZIENI,2011,2139,46554
FLORICA,2011,1597,50564
GALBINASI,2011,4116,46769
GHERASENI,2011,3456,46803
GHERGHEASA,2011,2493,46830
GLODEANU SARAT,2011,4469,46867
GLODEANU-SILISTEA,2011,3998,46910
GREBANU,2011,5319,47006
GURA TEGHII,2011,3439,47079
LARGU,2011,1526,47159
LOPATARI,2011,4242,47186
LUCIU,2011,2911,47300
MAGURA,2011,2241,47337
MANZALESTI,2011,2591,47630
MARACINENI,2011,8279,47373
MARGARITESTI,2011,697,47417
MEREI,2011,6803,47453
MIHAILESTI,2011,2084,47578
MOVILA BANULUI,2011,2726,47774
MURGESTI,2011,966,47818
NAENI,2011,1805,47854
ODAILE,2011,882,48021
PADINA,2011,4111,48138
PANATAU,2011,2537,48227
PARDOSI,2011,453,48165
PARSCOV,2011,5654,48557
PIETROASELE,2011,3301,48487
PODGORIA,2011,3236,48682
POSTA CALNAU,2011,5968,48771
PUIESTI,2011,4146,48842
RACOVITENI,2011,1424,48922
RAMNICELU,2011,4789,48968
ROBEASCA,2011,1124,49019
RUSETU,2011,3720,49046
SAGEATA,2011,4949,49073
SAHATENI,2011,3248,49153
SAPOCA,2011,3305,49206
SARULESTI,2011,1346,49233
SCORTOASA,2011,3076,49313
SCUTELNICI,2011,2346,49439
SIRIU,2011,3211,49484
SMEENI,2011,6649,49545
STALPU,2011,3193,49625
TINTESTI,2011,4518,49849
TISAU,2011,4704,49643
TOPLICENI,2011,4080,49769
ULMENI,2011,3199,49894
UNGURIU,2011,2415,50549
VADU PASII,2011,9311,49956
VALCELELE,2011,1587,50399
VALEA RAMNICULUI,2011,5425,50022
VALEA SALCIEI,2011,776,50068
VERNESTI,2011,8633,50102
VINTILA VODA,2011,3131,50228
VIPERESTI,2011,3493,50326
ZARNESTI,2011,5459,50415
ZIDURI,2011,4402,50479
JUDETUL CARAS-SEVERIN,2011,295579,118
MUNICIPIUL RESITA,2011,73282,50790
MUNICIPIUL CARANSEBES,2011,24689,51010
ORAS ANINA,2011,7485,50889
ORAS BAILE HERCULANE,2011,5008,50923
ORAS BOCSA,2011,15842,50969
ORAS MOLDOVA NOUA,2011,12350,51056
ORAS ORAVITA,2011,11382,51118
ORAS OTELU ROSU,2011,10510,51207
ARMENIS,2011,2454,51243
BANIA,2011,1752,51305
BAUTAR,2011,2604,51332
BERLISTE,2011,1164,51387
BERZASCA,2011,2848,51449
BERZOVIA,2011,3891,51500
BOLVASNITA,2011,1405,51546
BOZOVICI,2011,2924,51573
BREBU,2011,1164,51626
BREBU NOU,2011,119,51662
BUCHIN,2011,2039,51699
BUCOSNITA,2011,2978,51751
CARASOVA,2011,3110,51804
CARBUNARI,2011,1008,51840
CICLOVA ROMANA,2011,1550,51948
CIUCHICI,2011,1338,51984
CIUDANOVITA,2011,657,52035
CONSTANTIN DAICOVICIU,2011,2692,51877
COPACELE,2011,1111,52062
CORNEA,2011,1890,52115
CORNEREVA,2011,3190,52160
CORONINI,2011,1748,53489
DALBOSET,2011,1650,52570
DOCLIN,2011,1741,52650
DOGNECEA,2011,2009,52696
DOMASNEA,2011,1402,52721
EFTIMIE MURGU,2011,1628,53700
EZERIS,2011,1255,52758
FARLIUG,2011,1956,52785
FOROTIC,2011,1708,52856
GARNIC,2011,1268,52909
GLIMBOCA,2011,1808,52936
GORUIA,2011,790,52954
GRADINARI,2011,1956,52990
IABLANITA,2011,2281,53023
LAPUSNICEL,2011,1081,53069
LAPUSNICU MARE,2011,1647,53103
LUNCAVITA,2011,2613,53130
LUPAC,2011,2677,53167
MARGA,2011,1151,53210
MAURENI,2011,2646,53247
MEHADIA,2011,4128,53274
MEHADICA,2011,870,53327
NAIDAS,2011,1139,53345
OBREJA,2011,3252,53372
OCNA DE FIER,2011,656,50987
PALTINIS,2011,2408,53425
POJEJENA,2011,2884,53513
PRIGOR,2011,2577,53577
RACASDIA,2011,1976,53675
RAMNA,2011,1560,53639
RUSCA MONTANA,2011,1834,53728
SACU,2011,1485,53755
SASCA MONTANA,2011,1593,53791
SICHEVITA,2011,2230,53853
SLATINA-TIMIS,2011,3074,54056
SOCOL,2011,1933,54109
SOPOTU NOU,2011,1157,54163
TARNOVA,2011,1731,54350
TEREGOVA,2011,3981,54270
TICVANIU MARE,2011,1984,54305
TOPLET,2011,2625,54387
TURNU RUIENI,2011,3342,54412
VALIUG,2011,741,54485
VARADIA,2011,1371,54500
VERMES,2011,1566,54537
VRANI,2011,1070,54573
ZAVOI,2011,3946,54617
ZORLENTU MARE,2011,1015,54699
JUDETUL CALARASI,2011,306691,519
MUNICIPIUL CALARASI,2011,65181,92569
MUNICIPIUL OLTENITA,2011,24822,100610
ORAS BUDESTI,2011,7725,101458
ORAS FUNDULEA,2011,6851,103032
ORAS LEHLIU GARA,2011,6502,93888
ALEXANDRU ODOBESCU,2011,2816,94125
BELCIUGATELE,2011,2484,101083
BORCEA,2011,7986,92961
CASCIOARELE,2011,1912,101724
CHIRNOGI,2011,7455,101804
CHISELET,2011,3392,101822
CIOCANESTI,2011,4257,93085
CRIVAT,2011,2243,180055
CURCANI,2011,5672,102419
CUZA VODA,2011,4045,93281
DICHISENI,2011,1734,93325
DOR MARUNT,2011,6809,93370
DOROBANTU,2011,3065,93441
DRAGALINA,2011,8537,93487
DRAGOS VODA,2011,2862,93539
FRASINET,2011,1845,102838
FRUMUSANI,2011,5859,102945
FUNDENI,2011,5658,103014
GALBINASI,2011,3772,179962
GRADISTEA,2011,4853,93664
GURBANESTI,2011,1380,103568
ILEANA,2011,3702,103764
INDEPENDENTA,2011,3466,93771
JEGALIA,2011,4229,93815
LEHLIU,2011,2730,93851
LUICA,2011,2272,104083
LUPSANU,2011,3499,93931
MANASTIREA,2011,5612,104181
MITRENI,2011,4323,100638
MODELU,2011,9839,92587
NANA,2011,2568,104323
NICOLAE BALCESCU,2011,1776,104341
PERISORU,2011,5114,94223
PLATARESTI,2011,4178,104635
RADOVANU,2011,4394,104751
ROSETI,2011,6070,94312
SARULESTI,2011,3262,104886
SOHATU,2011,3240,105222
SOLDANU,2011,3565,105384
SPANTOV,2011,4605,105259
STEFAN CEL MARE,2011,3236,94562
STEFAN VODA,2011,2270,94580
TAMADAU MARE,2011,2640,105455
ULMENI,2011,4962,105605
ULMU,2011,1561,94606
UNIREA,2011,2636,94651
VALCELELE,2011,1863,94731
VALEA ARGOVEI,2011,2637,105712
VASILATI,2011,4389,105829
VLAD TEPES,2011,2336,94768
JUDETUL CLUJ,2011,691106,127
MUNICIPIUL CLUJ-NAPOCA,2011,324576,54975
MUNICIPIUL CAMPIA TURZII,2011,22223,55357
MUNICIPIUL DEJ,2011,33497,55008
MUNICIPIUL GHERLA,2011,20982,55384
MUNICIPIUL TURDA,2011,47744,55259
ORAS HUEDIN,2011,9346,55446
AGHIRESU,2011,7116,55473
AITON,2011,1085,55598
ALUNIS,2011,1223,55623
APAHIDA,2011,10685,55687
ASCHILEU,2011,1601,55776
BACIU,2011,10317,55838
BAISOARA,2011,1940,55918
BELIS,2011,1211,56014
BOBALNA,2011,1572,56096
BONTIDA,2011,4856,56210
BORSA,2011,1600,56265
BUZA,2011,1264,56327
CAIANU,2011,2355,56354
CALARASI,2011,2021,56425
CALATELE,2011,2243,56461
CAMARASU,2011,2655,56522
CAPUSU MARE,2011,3295,56568
CASEIU,2011,4437,56666
CATCAU,2011,2100,57314
CATINA,2011,1993,56773
CEANU MARE,2011,3531,56844
CHINTENI,2011,3065,56988
CHIUIESTI,2011,2332,57083
CIUCEA,2011,1547,57163
CIURILA,2011,1594,57225
COJOCNA,2011,4194,57350
CORNESTI,2011,1493,57449
CUZDRIOARA,2011,2733,55062
DABACA,2011,1543,57546
FELEACU,2011,3923,57582
FIZESU GHERLII,2011,2564,57644
FLORESTI,2011,22813,57706
FRATA,2011,4242,57742
GARBAU,2011,2440,57948
GEACA,2011,1626,57831
GILAU,2011,8300,57902
IARA,2011,3889,58008
ICLOD,2011,4263,58142
IZVORU CRISULUI,2011,1632,58204
JICHISU DE JOS,2011,1152,55106
JUCU,2011,4270,58259
LUNA,2011,4268,58311
MAGURI-RACATAU,2011,2242,58357
MANASTIRENI,2011,1481,58393
MARGAU,2011,1484,58464
MARISEL,2011,1488,58534
MICA,2011,3566,55160
MIHAI VITEAZU,2011,5423,55277
MINTIU GHERLII,2011,3746,58552
MOCIU,2011,3313,58623
MOLDOVENESTI,2011,3317,58721
NEGRENI,2011,2321,60169
PALATCA,2011,1218,58794
PANTICEU,2011,1844,58856
PETRESTII DE JOS,2011,1512,58918
PLOSCOS,2011,702,58990
POIENI,2011,4842,59041
RECEA-CRISTUR,2011,1412,59130
RISCA,2011,1446,59238
SACUIEU,2011,1466,59283
SANCRAIU,2011,1633,59434
SANDULESTI,2011,1798,55311
SANMARTIN,2011,1384,59498
SANPAUL,2011,2382,59586
SAVADISLA,2011,4392,59327
SIC,2011,2459,59416
SUATU,2011,1737,59657
TAGA,2011,1947,59826
TRITENII DE JOS,2011,4240,59693
TURENI,2011,2278,59764
UNGURAS,2011,2777,59880
VAD,2011,2008,59942
VALEA IERII,2011,888,60026
VIISOARA,2011,5493,60062
VULTURENI,2011,1516,60099
JUDETUL CONSTANTA,2011,684082,136
MUNICIPIUL CONSTANTA,2011,283872,60419
MUNICIPIUL MANGALIA,2011,36364,60482
MUNICIPIUL MEDGIDIA,2011,39780,60847
ORAS BANEASA,2011,5384,61069
ORAS CERNAVODA,2011,17022,60776
ORAS EFORIE,2011,9473,60455
ORAS HARSOVA,2011,9642,60801
ORAS MURFATLAR,2011,10216,62360
ORAS NAVODARI,2011,32981,60507
ORAS NEGRU VODA,2011,5088,62397
ORAS OVIDIU,2011,13847,60687
ORAS TECHIRGHIOL,2011,7292,60534
23 AUGUST,2011,5483,60598
ADAMCLISI,2011,2250,60883
AGIGEA,2011,6992,60570
ALBESTI,2011,3428,60945
ALIMAN,2011,2876,61005
AMZACEA,2011,2712,63198
BARAGANU,2011,1991,63294
CASTELU,2011,4856,61121
CERCHEZU,2011,1399,61167
CHIRNOGENI,2011,3283,61210
CIOBANU,2011,3223,61256
CIOCARLIA,2011,3220,61283
COBADIN,2011,8779,61318
COGEALAC,2011,5039,61372
COMANA,2011,1804,61452
CORBU,2011,5689,61513
COSTINESTI,2011,2866,63286
CRUCEA,2011,2945,61559
CUMPANA,2011,12333,61620
CUZA VODA,2011,3586,63300
DELENI,2011,2388,61675
DOBROMIR,2011,3031,61737
DUMBRAVENI,2011,552,63161
FANTANELE,2011,1585,63334
GARLICIU,2011,1619,61808
GHINDARESTI,2011,1973,61826
GRADINA,2011,1050,63326
HORIA,2011,1115,63278
INDEPENDENTA,2011,3121,61871
ION CORVIN,2011,1996,61951
ISTRIA,2011,2443,62020
LIMANU,2011,6270,60632
LIPNITA,2011,3168,62057
LUMINA,2011,8948,63152
MERENI,2011,2227,62137
MIHAI VITEAZU,2011,3244,62253
MIHAIL KOGALNICEANU,2011,9978,62191
MIRCEA VODA,2011,4886,62280
NICOLAE BALCESCU,2011,4757,62440
OLTINA,2011,2593,62486
OSTROV,2011,5069,62538
PANTELIMON,2011,1608,62609
PECINEAGA,2011,3189,62672
PESTERA,2011,3307,62707
POARTA ALBA,2011,5208,62761
RASOVA,2011,3762,62798
SACELE,2011,2101,62878
SALIGNY,2011,2158,63318
SARAIU,2011,1282,62823
SEIMENI,2011,2023,62903
SILISTEA,2011,1373,62949
TARGUSOR,2011,1616,62985
TOPALU,2011,1785,63045
TOPRAISAR,2011,5533,63072
TORTOMAN,2011,1697,63189
TUZLA,2011,6711,60721
VALU LUI TRAIAN,2011,12376,63125
VULTURU,2011,625,63170
JUDETUL COVASNA,2011,210177,145
MUNICIPIUL SFANTU GHEORGHE,2011,56006,63394
MUNICIPIUL TARGU SECUIESC,2011,18491,63740
ORAS BARAOLT,2011,8672,63447
ORAS COVASNA,2011,10114,63526
ORAS INTORSURA BUZAULUI,2011,7528,63580
AITA MARE,2011,1715,63777
ARCUS,2011,1519,65113
BARCANI,2011,3688,63633
BATANI,2011,4403,63802
BELIN,2011,2859,63866
BIXAD,2011,1799,65121
BODOC,2011,2553,63893
BOROSNEU MARE,2011,3097,63937
BRADUT,2011,4728,64041
BRATES,2011,1531,64005
BRETCU,2011,3550,64096
CATALINA,2011,3378,64130
CERNAT,2011,3978,64194
CHICHIS,2011,1537,64238
COMANDAU,2011,1006,63553
DALNIC,2011,956,65147
DOBARLAU,2011,2135,64265
ESTELNIC,2011,1182,65154
GHELINTA,2011,4815,64318
GHIDFALAU,2011,2660,64345
HAGHIG,2011,2315,64390
ILIENI,2011,2036,64425
LEMNIA,2011,1936,64461
MALNAS,2011,1087,64504
MERENI,2011,1324,65105
MICFALAU,2011,1805,65139
MOACSA,2011,1201,64568
OJDULA,2011,3519,64602
OZUN,2011,4430,64639
POIAN,2011,1768,64719
RECI,2011,2304,64773
SANZIENI,2011,4582,64826
SITA BUZAULUI,2011,4584,63688
TURIA,2011,4027,64871
VALCELE,2011,4475,64942
VALEA CRISULUI,2011,2307,64906
VALEA MARE,2011,1051,65099
VARGHIS,2011,1647,64997
ZABALA,2011,4597,65048
ZAGON,2011,5282,65011
JUDETUL DAMBOVITA,2011,518745,154
MUNICIPIUL TARGOVISTE,2011,79610,65342
MUNICIPIUL MORENI,2011,18687,65841
ORAS FIENI,2011,7587,65609
ORAS GAESTI,2011,13317,65681
ORAS PUCIOASA,2011,14254,65921
ORAS RACARI,2011,6930,68627
ORAS TITU,2011,9658,66081
ANINOASA,2011,6344,65379
BALENI,2011,8368,66198
BARBULETU,2011,2361,66223
BEZDEAD,2011,4595,66330
BILCIURESTI,2011,1889,66401
BRANESTI,2011,4097,66009
BRANISTEA,2011,4398,66152
BREZOAELE,2011,4012,101341
BUCIUMENI,2011,4586,66438
BUCSANI,2011,6864,66474
BUTIMANU,2011,2435,101564
CANDESTI,2011,2886,66526
CIOCANESTI,2011,5571,101840
COBIA,2011,3180,66580
COJASCA,2011,8276,66697
COMISANI,2011,5400,66731
CONTESTI,2011,5123,66768
CORBII MARI,2011,8316,66857
CORNATELU,2011,1675,66955
CORNESTI,2011,7142,67014
COSTESTII DIN VALE,2011,3485,67121
CRANGURILE,2011,3394,67167
CREVEDIA,2011,7750,102286
DARMANESTI,2011,4810,67256
DOBRA,2011,3657,67292
DOICESTI,2011,4584,65413
DRAGODANA,2011,6775,67327
DRAGOMIRESTI,2011,8867,67407
FINTA,2011,4225,67470
GLODENI,2011,4226,67522
GURA FOII,2011,2140,65707
GURA OCNITEI,2011,7319,67595
GURA SUTII,2011,5462,67648
HULUBESTI,2011,3101,67675
I. L. CARAGIALE,2011,7697,67737
IEDERA,2011,4052,65869
LUCIENI,2011,3131,67773
LUDESTI,2011,5137,67835
LUNGULETU,2011,5586,67906
MALU CU FLORI,2011,2484,67942
MANESTI,2011,5127,68002
MATASARU,2011,5462,68048
MOGOSANI,2011,4444,68128
MOROENI,2011,5227,68182
MORTENI,2011,3042,68253
MOTAIENI,2011,2069,65645
NICULESTI,2011,4964,104387
NUCET,2011,4057,68280
OCNITA,2011,4325,68324
ODOBESTI,2011,5183,68342
PERSINARI,2011,2750,179935
PETRESTI,2011,5791,65752
PIETRARI,2011,2533,179908
PIETROSITA,2011,3170,68404
POIANA,2011,3739,68431
POTLOGI,2011,8981,68468
PRODULESTI,2011,3427,68529
PUCHENI,2011,1861,68565
RACIU,2011,3464,179891
RASCAETI,2011,2241,179926
RAU ALB,2011,1564,179917
RAZVAD,2011,8521,65431
RUNCU,2011,4327,68716
SALCIOARA,2011,4081,68789
SELARU,2011,3494,68887
SLOBOZIA MOARA,2011,2165,105142
SOTANGA,2011,7143,65477
TARTASESTI,2011,5874,105534
TATARANI,2011,5225,68921
ULIESTI,2011,4407,68976
ULMI,2011,4359,65501
VACARESTI,2011,5246,69250
VALEA LUNGA,2011,4770,69063
VALEA MARE,2011,2400,69170
VALENI-DIMBOVITA,2011,2754,69303
VIRFURI,2011,1842,69447
VISINA,2011,4103,69330
VISINESTI,2011,1974,69394
VLADENI,2011,2807,179711
VOINESTI,2011,6203,69526
VULCANA-BAI,2011,3052,69615
VULCANA-PANDELE,2011,5134,179640
JUDETUL DOLJ,2011,660544,163
MUNICIPIUL CRAIOVA,2011,269506,69900
MUNICIPIUL BAILESTI,2011,17437,70316
MUNICIPIUL CALAFAT,2011,17336,70352
ORAS BECHET,2011,3657,70879
ORAS DABULENI,2011,12182,72007
ORAS FILIASI,2011,16900,70414
ORAS SEGARCEA,2011,7019,70502
AFUMATI,2011,2633,70520
ALMAJ,2011,1974,70566
AMARASTII DE JOS,2011,5520,70637
AMARASTII DE SUS,2011,1703,70673
APELE VII,2011,2112,70726
ARGETOAIA,2011,4382,70744
BIRCA,2011,3689,70940
BISTRET,2011,4356,70897
BOTOSESTI-PAIA,2011,809,70968
BRABOVA,2011,1550,70986
BRADESTI,2011,4431,71055
BRALOSTITA,2011,3684,71126
BRATOVOESTI,2011,3313,71199
BREASTA,2011,3906,71260
BUCOVAT,2011,4213,69964
BULZESTI,2011,1590,71340
CALARASI,2011,5977,71607
CALOPAR,2011,3723,71457
CARAULA,2011,2423,71518
CARCEA,2011,3424,74859
CARNA,2011,1363,74867
CARPEN,2011,2375,71536
CASTRANOVA,2011,3394,71572
CATANE,2011,1832,74842
CELARU,2011,4593,71634
CERAT,2011,4226,71698
CERNATESTI,2011,1929,71723
CETATE,2011,5368,71787
CIOROIASI,2011,1595,71812
CIUPERCENII NOI,2011,5274,71858
COSOVENI,2011,3237,71885
COTOFENII DIN DOS,2011,2337,71910
COTOFENII DIN FATA,2011,1904,74875
DANETI,2011,6257,71956
DESA,2011,4740,72034
DIOSTI,2011,3054,72052
DOBRESTI,2011,2443,72098
DOBROTESTI,2011,1733,74883
DRAGOTESTI,2011,2174,72150
DRANIC,2011,2738,72221
FARCAS,2011,1951,72276
GALICEA MARE,2011,4268,72383
GALICIUICA,2011,1512,74891
GHERCESTI,2011,1690,72409
GHIDICI,2011,2408,74907
GHINDENI,2011,1936,74915
GIGHERA,2011,3131,72463
GINGIOVA,2011,2478,72579
GIUBEGA,2011,2036,72506
GIURGITA,2011,2883,72533
GOGOSU,2011,723,72604
GOICEA,2011,2760,72640
GOIESTI,2011,3113,72677
GRECESTI,2011,1706,72819
INTORSURA,2011,1508,74923
ISALNITA,2011,3770,70094
IZVOARE,2011,1643,72882
LEU,2011,4824,72926
LIPOVU,2011,3313,72953
MACESU DE JOS,2011,1338,72980
MACESU DE SUS,2011,1348,73013
MAGLAVIT,2011,4875,73031
MALU MARE,2011,3780,73068
MARSANI,2011,4745,73317
MELINESTI,2011,3890,73102
MISCHII,2011,1760,73246
MOTATEI,2011,6935,73335
MURGASI,2011,2508,73371
NEGOI,2011,2235,73460
ORODEL,2011,2731,73503
OSTROVENI,2011,5062,73567
PERISOR,2011,1746,73594
PIELESTI,2011,3609,73629
PISCU VECHI,2011,2499,73665
PLENITA,2011,4686,73709
PLESOI,2011,1395,74931
PODARI,2011,6909,70110
POIANA MARE,2011,10740,73736
PREDESTI,2011,1905,73772
RADOVAN,2011,1432,73852
RAST,2011,3343,73905
ROBANESTI,2011,2395,73923
ROJISTE,2011,2421,74949
SADOVA,2011,7976,73996
SALCUTA,2011,2319,74028
SCAESTI,2011,2139,74073
SEACA DE CAMP,2011,1965,74108
SEACA DE PADURE,2011,1042,74135
SECU,2011,1140,74171
SILISTEA CRUCII,2011,1609,74224
SIMNICU DE SUS,2011,4627,70174
SOPOT,2011,1836,74242
TALPAS,2011,1262,74956
TEASC,2011,3253,74322
TERPEZITA,2011,1673,74359
TESLUI,2011,2432,74411
TUGLUI,2011,2834,74509
UNIREA,2011,3814,74536
URZICUTA,2011,3128,74554
VALEA STANCIULUI,2011,5642,74581
VARTOP,2011,1658,74732
VARVORU DE JOS,2011,2955,74750
VELA,2011,1943,74616
VERBITA,2011,1342,74705
JUDETUL GALATI,2011,536167,172
MUNICIPIUL GALATI,2011,249432,75098
MUNICIPIUL TECUCI,2011,34871,75203
ORAS BERESTI,2011,2916,75338
ORAS TARGU BUJOR,2011,6299,75472
BALABANESTI,2011,2080,75542
BALASESTI,2011,2295,75613
BALENI,2011,2332,75668
BANEASA,2011,1825,75686
BARCEA,2011,4957,75515
BERESTI-MERIA,2011,3771,75356
BRAHASESTI,2011,8847,75766
BRANISTEA,2011,3972,75711
BUCIUMENI,2011,2326,75819
CAVADINESTI,2011,3125,75864
CERTESTI,2011,2209,75917
CORNI,2011,2066,76004
COROD,2011,7334,75953
COSMESTI,2011,5196,76040
COSTACHE NEGRI,2011,2287,76111
CUCA,2011,2150,76139
CUDALBI,2011,6319,76157
CUZA VODA,2011,2580,77595
DRAGANESTI,2011,4852,75221
DRAGUSENI,2011,4899,76175
FARTANESTI,2011,5184,76255
FOLTESTI,2011,3057,76282
FRUMUSITA,2011,4800,76317
FUNDENI,2011,3669,76353
GHIDIGENI,2011,5821,76406
GOHOR,2011,3193,76497
GRIVITA,2011,2977,76558
INDEPENDENTA,2011,4375,76585
IVESTI,2011,8441,76601
JORASTI,2011,1779,76638
LIESTI,2011,8902,76674
MASTACANI,2011,4606,76718
MATCA,2011,11605,76692
MOVILENI,2011,3269,76745
MUNTENI,2011,6791,75258
NAMOLOASA,2011,2180,76763
NEGRILESTI,2011,2405,77579
NICORESTI,2011,3602,76807
OANCEA,2011,1441,76932
PECHEA,2011,10152,76969
PISCU,2011,4746,76996
POIANA,2011,1686,77587
PRIPONESTI,2011,2223,77028
RADESTI,2011,1490,77561
REDIU,2011,1891,77082
SCANTEIESTI,2011,2490,77126
SCHELA,2011,3690,77153
SENDRENI,2011,3641,75114
SLOBOZIA CONACHI,2011,4024,77180
SMARDAN,2011,4810,77224
SMULTI,2011,1342,77260
SUCEVENI,2011,1819,77288
SUHURLUI,2011,1291,77601
TEPU,2011,2399,77377
TUDOR VLADIMIRESCU,2011,4872,77313
TULUCESTI,2011,7200,77331
UMBRARESTI,2011,6628,77402
VALEA MARULUI,2011,3894,77475
VANATORI,2011,4864,75150
VARLEZI,2011,2001,77509
VLADESTI,2011,1977,77536
JUDETUL GIURGIU,2011,281422,528
MUNICIPIUL GIURGIU,2011,61353,100521
ORAS BOLINTIN-VALE,2011,12929,101190
ORAS MIHAILESTI,2011,7923,104136
ADUNATII-COPACENI,2011,6621,100781
BANEASA,2011,5227,101001
BOLINTIN-DEAL,2011,5921,101163
BUCSANI,2011,3906,101378
BULBUCATA,2011,1591,101519
BUTURUGENI,2011,4079,101617
CALUGARENI,2011,6148,101662
CLEJANI,2011,3809,101984
COLIBASI,2011,3529,102071
COMANA,2011,7222,102106
COSOBA,2011,2611,179748
CREVEDIA MARE,2011,5221,102348
DAIA,2011,2851,102446
FLORESTI-STOENESTI,2011,9173,102794
FRATESTI,2011,5361,102909
GAISENI,2011,5514,103087
GAUJANI,2011,2513,103194
GHIMPATI,2011,6064,103238
GOGOSARI,2011,1975,103309
GOSTINARI,2011,2634,103372
GOSTINU,2011,2032,103354
GRADINARI,2011,3578,103407
GREACA,2011,2543,103470
HERASTI,2011,2369,179757
HOTARELE,2011,3939,103639
IEPURESTI,2011,2225,103693
ISVOARELE,2011,1751,179766
IZVOARELE,2011,3930,103899
JOITA,2011,3864,103997
LETCA NOUA,2011,3817,104047
MALU,2011,2376,179739
MARSA,2011,2742,104225
MIHAI BRAVU,2011,2586,104118
OGREZENI,2011,4906,104485
OINACU,2011,3357,104519
PRUNDU,2011,4386,104680
PUTINEIU,2011,2486,104715
RASUCENI,2011,2652,104788
ROATA DE JOS,2011,8296,104831
SABARENI,2011,2864,179775
SCHITU,2011,1985,104975
SINGURENI,2011,3191,105106
SLOBOZIA,2011,2377,100549
STANESTI,2011,3000,105295
STOENESTI,2011,2249,105348
TOPORU,2011,2340,154709
ULMI,2011,7818,105623
VALEA DRAGULUI,2011,3230,105776
VANATORII MICI,2011,4933,105972
VARASTI,2011,6317,105874
VEDEA,2011,3108,105909
JUDETUL GORJ,2011,341594,181
MUNICIPIUL TARGU JIU,2011,82504,77812
MUNICIPIUL MOTRU,2011,19079,78141
ORAS BUMBESTI-JIU,2011,8932,79308
ORAS NOVACI,2011,5431,78258
ORAS ROVINARI,2011,11816,82895
ORAS TARGU CARBUNESTI,2011,8034,78329
ORAS TICLENI,2011,4414,78454
ORAS TISMANA,2011,7035,82430
ORAS TURCENI,2011,7269,82617
ALBENI,2011,2587,78472
ALIMPESTI,2011,1854,78542
ANINOASA,2011,3914,78604
ARCANI,2011,1346,78668
BAIA DE FIER,2011,3984,78711
BALANESTI,2011,2117,78748
BALESTI,2011,7404,77910
BALTENI,2011,7126,79004
BARBATESTI,2011,1674,78828
BENGESTI-CIOCADIA,2011,3116,78873
BERLESTI,2011,2149,78926
BOLBOSI,2011,3126,79077
BORASCU,2011,3492,79157
BRANESTI,2011,2426,79237
BUMBESTI-PITIC,2011,2105,79362
BUSTUCHIN,2011,3376,79406
CALNIC,2011,2145,79736
CAPRENI,2011,2174,79497
CATUNELE,2011,2551,79585
CIUPERCENI,2011,1596,79656
CRASNA,2011,5133,79834
CRUSET,2011,3357,79932
DANCIULESTI,2011,2269,80043
DANESTI,2011,3875,80123
DRAGOTESTI,2011,2505,80249
DRAGUTESTI,2011,4996,78016
FARCASESTI,2011,3289,80285
GLOGOVA,2011,1889,80365
GODINESTI,2011,2061,80427
HUREZANI,2011,1613,80506
IONESTI,2011,2252,80560
JUPANESTI,2011,2072,80613
LELESTI,2011,1854,80677
LICURICI,2011,2272,80711
LOGRESTI,2011,2731,80766
MATASARI,2011,5027,80846
MUSETESTI,2011,1985,80908
NEGOMIR,2011,3555,80980
PADES,2011,4800,81095
PESTISANI,2011,3732,81184
PLOPSORU,2011,6234,81264
POLOVRAGI,2011,2820,81380
PRIGORIA,2011,3124,81415
ROSIA DE AMARADIA,2011,3132,81497
RUNCU,2011,5311,81576
SACELU,2011,1542,81754
SAMARINESTI,2011,1739,81656
SAULESTI,2011,2110,81816
SCHELA,2011,1674,81987
SCOARTA,2011,4844,81861
SLIVILESTI,2011,3227,82047
STANESTI,2011,2310,82136
STEJARI,2011,2585,82243
STOINA,2011,2376,82314
TANTARENI,2011,5289,82680
TELESTI,2011,2473,82396
TURBUREA,2011,4076,82555
TURCINESTI,2011,2226,78089
URDARI,2011,3024,82733
VAGIULESTI,2011,2642,82779
VLADIMIR,2011,2793,82831
JUDETUL HARGHITA,2011,310867,190
MUNICIPIUL MIERCUREA CIUC,2011,38966,83320
MUNICIPIUL GHEORGHENI,2011,18377,83561
MUNICIPIUL TOPLITA,2011,13929,83632
MUNICIPIUL ODORHEIU SECUIESC,2011,34257,83133
ORAS BAILE TUSNAD,2011,1641,83428
ORAS BALAN,2011,6115,83464
ORAS BORSEC,2011,2585,83491
ORAS CRISTURU SECUIESC,2011,9650,83525
ORAS VLAHITA,2011,6898,83749
ATID,2011,2705,83785
AVRAMESTI,2011,2465,83847
BILBOR,2011,2638,83936
BRADESTI,2011,1915,83151
CAPALNITA,2011,2026,83963
CARTA,2011,2709,84102
CICEU,2011,2679,86461
CIUCSANGEORGIU,2011,4839,83981
CIUMANI,2011,4328,84086
CORBU,2011,1520,84148
CORUND,2011,6135,84175
COZMENI,2011,2115,86446
DANESTI,2011,2292,84237
DARJIU,2011,1036,84380
DEALU,2011,3907,84264
DITRAU,2011,5483,84344
FELICENI,2011,3297,83197
FRUMOASA,2011,3682,84415
GALAUTAS,2011,2498,84460
JOSENI,2011,5536,84558
LAZAREA,2011,3424,84594
LELICENI,2011,2010,86479
LUETA,2011,3439,84629
LUNCA DE JOS,2011,5328,84656
LUNCA DE SUS,2011,3242,84754
LUPENI,2011,4473,84825
MADARAS,2011,2199,86438
MARTINIS,2011,2838,84923
MERESTI,2011,1339,85056
MIHAILENI,2011,2644,85074
MUGENI,2011,3491,85127
OCLAND,2011,1293,85243
PAULENI-CIUC,2011,1831,83375
PLAIESII DE JOS,2011,3033,85289
PORUMBENI,2011,1805,86487
PRAID,2011,6502,85341
RACU,2011,1607,86495
REMETEA,2011,6165,85412
SACEL,2011,1253,85467
SANCRAIENI,2011,2526,85680
SANDOMINIC,2011,6110,85760
SANMARTIN,2011,2322,85788
SANSIMION,2011,3482,85840
SANTIMBRU,2011,2063,86519
SARMAS,2011,3804,85528
SATU MARE,2011,1995,86501
SECUIENI,2011,2644,85582
SICULENI,2011,2726,85626
SIMONESTI,2011,3776,85984
SUBCETATE,2011,1832,85877
SUSENI,2011,5114,85920
TOMESTI,2011,2563,86453
TULGHES,2011,3279,86133
TUSNAD,2011,2147,86188
ULIES,2011,1193,86222
VARSAG,2011,1580,86311
VOSLABENI,2011,1929,86339
ZETEA,2011,5643,86366
JUDETUL HUNEDOARA,2011,418565,207
MUNICIPIUL DEVA,2011,61123,86687
MUNICIPIUL VULCAN,2011,24160,87175
MUNICIPIUL BRAD,2011,14495,87291
MUNICIPIUL HUNEDOARA,2011,60525,86810
MUNICIPIUL LUPENI,2011,23390,87059
MUNICIPIUL ORASTIE,2011,18227,87638
MUNICIPIUL PETROSANI,2011,37160,86990
ORAS ANINOASA,2011,4360,87219
ORAS CALAN,2011,11279,87424
ORAS GEOAGIU,2011,5294,89561
ORAS HATEG,2011,9685,87576
ORAS PETRILA,2011,22692,87077
ORAS SIMERIA,2011,12556,87665
ORAS URICANI,2011,8972,87139
BACIA,2011,1827,88047
BAIA DE CRIS,2011,2611,87745
BAITA,2011,3712,88092
BALSA,2011,871,87843
BANITA,2011,1211,87246
BARU,2011,2696,87996
BATRANA,2011,127,88216
BERIU,2011,3138,88261
BLAJENI,2011,1192,88350
BOSOROD,2011,2062,88449
BRANISCA,2011,1767,88546
BRETEA ROMANA,2011,3052,88644
BUCES,2011,1961,88788
BUCURESCI,2011,1553,88868
BULZESTII DE SUS,2011,271,88920
BUNILA,2011,306,89026
BURJUC,2011,873,89080
CARJITI,2011,681,86749
CERBAL,2011,474,89151
CERTEJU DE SUS,2011,3126,89240
CRISCIOR,2011,3841,87362
DENSUS,2011,1577,89348
DOBRA,2011,3345,89428
GENERAL BERTHELOT,2011,896,91731
GHELARI,2011,1983,86883
GURASADA,2011,1492,89687
HARAU,2011,2231,89801
ILIA,2011,3662,89856
LAPUGIU DE JOS,2011,1659,89954
LELESE,2011,406,90066
LUNCA CERNII DE JOS,2011,905,90119
LUNCOIU DE JOS,2011,1815,90208
MARTINESTI,2011,956,90262
ORASTIOARA DE SUS,2011,2079,90342
PESTISU MIC,2011,1207,90431
PUI,2011,4122,90538
RACHITOVA,2011,1330,90725
RAPOLTU MARE,2011,1960,90663
RAU DE MORI,2011,3153,90878
RIBITA,2011,1347,90805
ROMOS,2011,2604,90994
SALASU DE SUS,2011,2359,91116
SANTAMARIA-ORLEA,2011,3251,91232
SARMIZEGETUSA,2011,1209,91054
SOIMUS,2011,3371,91330
TELIUCU INFERIOR,2011,2344,86936
TOMESTI,2011,1075,91447
TOPLITA,2011,715,91535
TOTESTI,2011,1893,91624
TURDAS,2011,1801,91688
VALISOARA,2011,1197,91937
VATA DE JOS,2011,3728,91795
VETEL,2011,2872,91982
VORTA,2011,876,92097
ZAM,2011,1875,92177
JUDETUL IALOMITA,2011,274148,216
MUNICIPIUL SLOBOZIA,2011,45891,92658
MUNICIPIUL FETESTI,2011,30217,92701
MUNICIPIUL URZICENI,2011,15308,100683
ORAS AMARA,2011,7345,92836
ORAS CAZANESTI,2011,3271,93067
ORAS FIERBINTI-TARG,2011,4969,102749
ORAS TANDAREI,2011,13219,92765
ADANCATA,2011,2723,100754
ALBESTI,2011,1288,92783
ALEXENI,2011,2410,100852
ANDRASESTI,2011,2212,92872
ARMASESTI,2011,2368,100870
AXINTELE,2011,2657,100923
BALACIU,2011,1860,92907
BARBULESTI,2011,5902,180064
BARCANESTI,2011,3895,101056
BORANESTI,2011,2454,179784
BORDUSANI,2011,4786,92989
RADULESTI,2011,1358,101243
BUCU,2011,2323,93021
BUESTI,2011,1074,179793
CIOCARLIA,2011,806,100709
CIOCHINA,2011,3217,93101
CIULNITA,2011,2400,93156
COCORA,2011,2058,93209
COLELIA,2011,1212,179971
COSAMBESTI,2011,1902,93236
COSERENI,2011,4570,102240
DRAGOESTI,2011,1082,102641
DRIDU,2011,3551,102703
FACAENI,2011,5438,93575
GARBOVI,2011,3958,103283
GHEORGHE DOJA,2011,2555,93600
GHEORGHE LAZAR,2011,2319,93628
GIURGENI,2011,1507,93646
GRINDU,2011,2209,93717
GRIVITA,2011,3379,93735
GURA IALOMITEI,2011,2660,180046
ION ROATA,2011,3752,103862
JILAVELE,2011,3538,103960
MAIA,2011,1847,179800
MANASIA,2011,4405,100736
MARCULESTI,2011,1505,179980
MIHAIL KOGALNICEANU,2011,3000,93995
MILOSESTI,2011,2735,94045
MOLDOVENI,2011,1247,179999
MOVILA,2011,1842,94081
MOVILITA,2011,2759,104270
MUNTENI-BUZAU,2011,3428,94107
OGRADA,2011,2803,179819
PERIETI,2011,3586,94161
PLATONESTI,2011,1798,180000
REVIGA,2011,2742,94269
ROSIORI,2011,2174,179828
SALCIOARA,2011,2336,94330
SARATENI,2011,1290,180019
SAVENI,2011,3276,94376
SCANTEIA,2011,3851,94429
SFANTU GHEORGHE,2011,2038,94456
SINESTI,2011,2972,105026
STELNICA,2011,1774,94492
SUDITI,2011,2026,94535
TRAIAN,2011,3168,179702
VALEA CIORII,2011,1855,94688
VALEA MACRISULUI,2011,1892,105794
VLADENI,2011,2156,94795
JUDETUL IASI,2011,772348,225
MUNICIPIUL IASI,2011,290422,95060
MUNICIPIUL PASCANI,2011,33745,95391
ORAS HARLAU,2011,10905,95355
ORAS PODU ILOAIEI,2011,9573,98373
ORAS TARGU FRUMOS,2011,10475,95471
ALEXANDRU I. CUZA,2011,2912,95612
ANDRIESENI,2011,4177,95667
ARONEANU,2011,3402,95747
BALS,2011,3375,100273
BALTATI,2011,4975,95792
BARNOVA,2011,5782,95088
BELCESTI,2011,10555,95872
BIVOLARI,2011,4180,95943
BRAESTI,2011,3108,96058
BUTEA,2011,2698,96110
CEPLENITA,2011,3966,96147
CIOHORANI,2011,1781,100362
CIORTESTI,2011,3979,96192
CIUREA,2011,11640,96254
COARNELE CAPREI,2011,3091,96334
COMARNA,2011,4732,96370
COSTESTI,2011,1743,100282
COSTULENI,2011,4276,96423
COTNARI,2011,7248,96478
COZMESTI,2011,2664,96593
CRISTESTI,2011,3994,96637
CUCUTENI,2011,1244,96664
DAGATA,2011,4599,96717
DELENI,2011,9969,96815
DOBROVAT,2011,2515,96888
DOLHESTI,2011,2638,96904
DRAGUSENI,2011,1436,100308
DUMESTI,2011,4576,96940
ERBICENI,2011,5457,97009
FANTANELE,2011,2138,100317
FOCURI,2011,3852,97063
GOLAIESTI,2011,3732,97090
GORBAN,2011,2879,97189
GRAJDURI,2011,3563,97241
GROPNITA,2011,3154,97321
GROZESTI,2011,1769,97394
HALAUCESTI,2011,5541,97438
HARMANESTI,2011,2183,100326
HELESTENI,2011,2669,97465
HOLBOCA,2011,11971,95159
HORLESTI,2011,2983,97517
ION NECULCE,2011,5445,95499
IPATELE,2011,1865,97553
LESPEZI,2011,5250,97606
LETCANI,2011,6497,97679
LUNGANI,2011,5854,97722
MADARJAC,2011,1587,97777
MIRCESTI,2011,3750,97811
MIRONEASA,2011,4521,97875
MIROSLAVA,2011,11958,97919
MIROSLOVESTI,2011,4533,98051
MOGOSESTI,2011,5242,98113
MOGOSESTI-SIRET,2011,3689,98168
MOSNA,2011,1767,98202
MOTCA,2011,4939,98220
MOVILENI,2011,3278,98257
OTELENI,2011,3232,98300
PLUGARI,2011,3615,98337
POPESTI,2011,4085,98435
POPRICANI,2011,7393,98505
PRISACANI,2011,3254,98603
PROBOTA,2011,3479,98649
RACHITENI,2011,3084,100335
RADUCANENI,2011,7200,98685
REDIU,2011,4577,95239
ROMANESTI,2011,1908,98738
ROSCANI,2011,1442,100344
RUGINOASA,2011,5981,98774
SCANTEIA,2011,4289,98916
SCHEIA,2011,3067,99290
SCHITU DUCA,2011,4354,98827
SCOBINTI,2011,7458,98998
SINESTI,2011,4171,99058
SIPOTE,2011,5384,99370
SIRETEL,2011,4130,99101
STOLNICENI-PRAJESCU,2011,5250,99165
STRUNGA,2011,3879,99209
TANSA,2011,2558,99441
TATARUSI,2011,5409,99478
TIBANA,2011,7273,99673
TIBANESTI,2011,7119,99780
TIGANASI,2011,4036,99879
TODIRESTI,2011,5048,99539
TOMESTI,2011,11051,95293
TRIFESTI,2011,3774,99600
TUTORA,2011,2067,99922
UNGHENI,2011,4173,96003
VALEA LUPULUI,2011,4982,100353
VALEA SEACA,2011,5471,99968
VANATORI,2011,4624,100086
VICTORIA,2011,4282,100004
VLADENI,2011,3993,100148
VOINESTI,2011,6815,100219
JUDETUL ILFOV,2011,388738,234
ORAS BRAGADIRU,2011,15329,179221
ORAS BUFTEA,2011,22178,100576
ORAS CHITILA,2011,14184,179285
ORAS MAGURELE,2011,11041,179409
ORAS OTOPENI,2011,13861,179481
ORAS PANTELIMON,2011,25596,179515
ORAS POPESTI LEORDENI,2011,21895,179533
ORAS VOLUNTARI,2011,42944,179551
1 DECEMBRIE,2011,7817,102543
AFUMATI,2011,7919,100834
BALOTESTI,2011,8314,100969
BERCENI,2011,5942,101145
BRANESTI,2011,10367,101298
CERNICA,2011,10886,101742
CHIAJNA,2011,14259,179249
CIOLPANI,2011,4811,101902
CIOROGARLA,2011,6188,101957
CLINCENI,2011,6808,102035
COPACENI,2011,3131,179588
CORBEANCA,2011,7072,102160
CORNETU,2011,6324,102213
DARASTI-ILFOV,2011,3026,102525
DASCALU,2011,3154,102473
DOBROESTI,2011,9325,179310
DOMNESTI,2011,8682,102570
DRAGOMIRESTI-VALE,2011,5243,102605
GANEASA,2011,4963,103130
GLINA,2011,8592,179347
GRADISTEA,2011,3268,103443
GRUIU,2011,7412,103513
JILAVA,2011,12223,179383
MOARA VLASIEI,2011,6307,104243
MOGOSOAIA,2011,7625,179463
NUCI,2011,3098,104421
PERIS,2011,7557,104546
PETRACHIOAIA,2011,3498,104582
SNAGOV,2011,7272,105160
STEFANESTII DE JOS,2011,5775,105419
TUNARI,2011,5336,105570
VIDRA,2011,9516,105936
JUDETUL MARAMURES,2011,478659,243
MUNICIPIUL BAIA MARE,2011,123738,106318
MUNICIPIUL SIGHETU MARMATIEI,2011,37640,106559
ORAS BAIA SPRIE,2011,15476,106684
ORAS BORSA,2011,27611,106746
ORAS CAVNIC,2011,4976,106782
ORAS DRAGOMIRESTI,2011,3213,108017
ORAS SALISTEA DE SUS,2011,4893,108892
ORAS SEINI,2011,8987,108963
ORAS SOMCUTA MARE,2011,7565,109176
ORAS TARGU LAPUS,2011,11744,106817
ORAS TAUTII-MAGHERAUS,2011,7136,106461
ORAS ULMENI,2011,7270,109265
ORAS VISEU DE SUS,2011,15037,106979
ARDUSAT,2011,2738,107001
ARINIS,2011,1084,107047
ASUAJU DE SUS,2011,1441,107083
BAITA DE SUB CODRU,2011,1871,107118
BAIUT,2011,2340,107154
BARSANA,2011,4474,107314
BASESTI,2011,1452,107190
BICAZ,2011,1124,107234
BISTRA,2011,4174,107270
BOCICOIU MARE,2011,3818,107350
BOGDAN VODA,2011,3208,107403
BOIU MARE,2011,1131,107430
BOTIZA,2011,2717,107485
BUDESTI,2011,3055,107519
CALINESTI,2011,3178,107546
CAMPULUNG LA TISA,2011,2485,107715
CERNESTI,2011,3741,107582
CICARLAU,2011,3691,107662
COAS,2011,1402,179837
COLTAU,2011,2557,179846
COPALNIC-MANASTUR,2011,5673,107733
COROIENI,2011,2219,107868
CUPSENI,2011,3581,107920
DESESTI,2011,2341,107975
DUMBRAVITA,2011,4372,108035
FARCASA,2011,4015,108106
GARDANI,2011,1151,179855
GIULESTI,2011,3113,108151
GROSI,2011,2857,106363
GROSII TIBLESULUI,2011,2095,179622
IEUD,2011,4318,108204
LAPUS,2011,3709,108222
LEORDINA,2011,2547,108240
MIRESU MARE,2011,4766,108268
MOISEI,2011,9264,108348
OARTA DE JOS,2011,1243,108366
OCNA SUGATAG,2011,3853,108400
ONCESTI,2011,1549,179864
PETROVA,2011,2525,108455
POIENILE DE SUB MUNTE,2011,10073,108473
POIENILE IZEI,2011,940,179604
RECEA,2011,6000,106407
REMETEA CHIOARULUI,2011,2834,108491
REMETI,2011,3040,108552
REPEDEA,2011,4716,108598
RONA DE JOS,2011,1776,108614
RONA DE SUS,2011,3855,108632
ROZAVLEA,2011,3085,108669
RUSCOVA,2011,5541,108696
SACALASENI,2011,2299,108794
SACEL,2011,3500,108874
SALSIG,2011,1641,108918
SAPANTA,2011,2903,108945
SARASAU,2011,2238,106620
SATULUNG,2011,5837,108712
SIEU,2011,2348,179613
SISESTI,2011,5289,109096
STRAMTURA,2011,3652,109005
SUCIU DE SUS,2011,3868,109041
VADU IZEI,2011,2659,106648
VALEA CHIOARULUI,2011,2025,109354
VIMA MICA,2011,1448,109425
VISEU DE JOS,2011,4934,109504
JUDETUL MEHEDINTI,2011,265390,252
MUNICIPIUL DROBETA-TURNU SEVERIN,2011,92617,109773
MUNICIPIUL ORSOVA,2011,10441,110063
ORAS BAIA DE ARAMA,2011,5349,109924
ORAS STREHAIA,2011,10506,110116
ORAS VANJU MARE,2011,5311,110232
BACLES,2011,2070,110571
BALA,2011,3963,110296
BALACITA,2011,2830,110535
BALTA,2011,1120,110456
BALVANESTI,2011,995,110688
BRANISTEA,2011,1827,114060
BREZNITA-MOTRU,2011,1520,110740
BREZNITA-OCOL,2011,3859,110820
BROSTENI,2011,2865,110875
BURILA MARE,2011,2239,110946
BUTOIESTI,2011,3344,111006
CAZANESTI,2011,2303,111097
CIRESU,2011,572,111220
CORCOVA,2011,5431,111275
CORLATEL,2011,1366,111417
CUJMIR,2011,3221,111444
DARVARI,2011,2490,111550
DEVESEL,2011,3287,111480
DUBOVA,2011,785,112904
DUMBRAVA,2011,1574,111587
ESELNITA,2011,2565,112245
FLORESTI,2011,2603,111685
GARLA MARE,2011,3382,111783
GODEANU,2011,632,111818
GOGOSU,2011,3799,111863
GRECI,2011,1292,111916
GROZESTI,2011,1990,111989
GRUIA,2011,3030,112030
HINOVA,2011,2849,112076
HUSNICIOARA,2011,1393,112129
ILOVAT,2011,1291,112263
ILOVITA,2011,1316,112334
ISVERNA,2011,2145,112370
IZVORU BARZII,2011,2703,112469
JIANA,2011,4695,112548
LIVEZILE,2011,1678,112600
MALOVAT,2011,2780,112664
OBARSIA DE CAMP,2011,1780,112744
OBARSIA-CLOSANI,2011,953,110027
OPRISOR,2011,2315,112771
PADINA,2011,1469,112806
PATULELE,2011,3636,112879
PODENI,2011,854,112959
PONOARELE,2011,2425,112995
POROINA MARE,2011,1048,113153
PRISTOL,2011,1457,113206
PRUNISOR,2011,2029,113233
PUNGHINA,2011,2936,113395
ROGOVA,2011,1359,113466
SALCIA,2011,2794,113493
SIMIAN,2011,9650,109826
SISESTI,2011,2959,113625
SOVARNA,2011,1270,113698
STANGACEAUA,2011,1367,113518
SVINITA,2011,925,113607
TAMNA,2011,3260,113732
VANATORI,2011,1964,113849
VANJULET,2011,1884,113894
VLADAIA,2011,1735,113929
VOLOIAC,2011,1694,113974
VRATA,2011,1599,114079
JUDETUL MURES,2011,550846,261
MUNICIPIUL TARGU MURES,2011,134290,114319
MUNICIPIUL REGHIN,2011,33281,114809
MUNICIPIUL SIGHISOARA,2011,28102,114514
MUNICIPIUL TARNAVENI,2011,22075,114925
ORAS IERNUT,2011,8705,117827
ORAS LUDUS,2011,15328,114710
ORAS MIERCUREA NIRAJULUI,2011,5554,118281
ORAS SANGEORGIU DE PADURE,2011,5166,119331
ORAS SARMASU,2011,6942,119242
ORAS SOVATA,2011,10385,114854
ORAS UNGHENI,2011,6945,119894
ACATARI,2011,4738,114970
ADAMUS,2011,5147,115076
ALBESTI,2011,5345,114603
ALUNIS,2011,3236,115147
APOLD,2011,2892,115183
ATINTIS,2011,1575,115236
BAGACIU,2011,2474,115575
BAHNEA,2011,3739,115307
BALA,2011,756,115600
BALAUSERI,2011,4889,115637
BAND,2011,6446,115389
BATOS,2011,3926,115520
BEICA DE JOS,2011,2305,115708
BERENI,2011,1203,120511
BICHIS,2011,805,115771
BOGATA,2011,2018,115824
BRANCOVENESTI,2011,3972,115897
BREAZA,2011,2473,115851
CEUASU DE CAMPIE,2011,5964,115959
CHETANI,2011,2665,116046
CHIBED,2011,1762,120478
CHIHERU DE JOS,2011,1644,116126
COROISANMARTIN,2011,1447,116171
CORUNCA,2011,2785,120487
COZMA,2011,562,116224
CRACIUNESTI,2011,4470,116288
CRAIESTI,2011,924,116340
CRISTESTI,2011,5824,114355
CUCERDEA,2011,1525,116395
CUCI,2011,1822,116439
DANES,2011,4874,116493
DEDA,2011,4113,116545
EREMITU,2011,3893,116590
ERNEI,2011,5835,116652
FANTANELE,2011,4693,116796
FARAGAU,2011,1683,116723
GALESTI,2011,3067,116867
GANESTI,2011,3573,116938
GHEORGHE DOJA,2011,2982,116983
GHINDARI,2011,3250,117042
GLODENI,2011,3817,117113
GORNESTI,2011,5577,117177
GREBENISU DE CAMPIE,2011,1684,117275
GURGHIU,2011,6091,117319
HODAC,2011,5104,117426
HODOSA,2011,1261,117505
IBANESTI,2011,4357,117550
ICLANZEL,2011,2126,117667
IDECIU DE JOS,2011,2109,117783
LIVEZENI,2011,3266,117925
LUNCA,2011,2625,117998
LUNCA BRADULUI,2011,2035,118058
MADARAS,2011,1299,120502
MAGHERANI,2011,1309,118094
MICA,2011,4539,118209
MIHESU DE CAMPIE,2011,2447,118370
NADES,2011,2484,118469
NEAUA,2011,1369,118511
OGRA,2011,2387,118575
PANET,2011,6033,118691
PAPIU ILARIAN,2011,963,118637
PASARENI,2011,1919,118753
PETELEA,2011,2977,118799
POGACEAUA,2011,2117,118824
RASTOLITA,2011,2073,118931
RICIU,2011,3748,118995
RUSII-MUNTI,2011,2144,119153
SANCRAIU DE MURES,2011,7489,114382
SANGEORGIU DE MURES,2011,9304,114417
SANGER,2011,2400,119386
SANPAUL,2011,4233,119466
SANPETRU DE CAMPIE,2011,3060,119527
SANTANA DE MURES,2011,5723,114453
SARATENI,2011,1608,120496
SASCHIZ,2011,1965,119206
SAULIA,2011,2018,119750
SINCAI,2011,1622,119803
SOLOVASTRU,2011,2888,119590
STANCENI,2011,1450,119625
SUPLAC,2011,2249,119661
SUSENI,2011,2253,119723
TAURENI,2011,989,119858
VALEA LARGA,2011,3098,119974
VANATORI,2011,3901,120254
VARGATA,2011,1945,120076
VATAVA,2011,1987,120138
VETCA,2011,892,120174
VIISOARA,2011,1659,120218
VOIVODENI,2011,1756,120316
ZAGAR,2011,1192,120343
ZAU DE CAMPIE,2011,3236,120370
JUDETUL NEAMT,2011,470766,270
MUNICIPIUL PIATRA NEAMT,2011,85055,120726
MUNICIPIUL ROMAN,2011,50713,120860
ORAS BICAZ,2011,6543,120968
ORAS ROZNOV,2011,8593,124117
ORAS TARGU NEAMT,2011,18695,121055
AGAPIA,2011,3893,121108
ALEXANDRU CEL BUN,2011,4876,124938
BAHNA,2011,3174,121153
BALTATESTI,2011,4102,121242
BARGAUANI,2011,3505,121466
BICAZ-CHEI,2011,4089,121297
BICAZU ARDELEAN,2011,4030,121340
BIRA,2011,1680,121386
BODESTI,2011,4472,121607
BOGHICEA,2011,2376,125178
BORCA,2011,6148,121652
BORLESTI,2011,6938,121732
BOTESTI,2011,4989,121796
BOZIENI,2011,2716,121876
BRUSTURI,2011,3852,121938
CANDESTI,2011,3232,122061
CEAHLAU,2011,2180,122025
CORDUN,2011,6333,120888
COSTISA,2011,2883,122132
CRACAOANI,2011,3944,122187
DAMUC,2011,2761,122249
DOBRENI,2011,1842,122285
DOCHIA,2011,2187,125098
DOLJESTI,2011,7220,122347
DRAGANESTI,2011,1389,125132
DRAGOMIRESTI,2011,2231,122392
DULCESTI,2011,2293,122463
DUMBRAVA ROSIE,2011,6759,120771
FARCASA,2011,2866,122551
FAUREI,2011,1987,122613
GADINTI,2011,1983,125150
GARCINA,2011,4336,122828
GHERAESTI,2011,4854,122668
GHINDAOANI,2011,1849,125114
GIROV,2011,4645,122702
GRINTIES,2011,2213,122864
GRUMAZESTI,2011,5182,122908
HANGU,2011,3619,122953
HORIA,2011,5826,120922
ICUSESTI,2011,3952,123013
ION CREANGA,2011,5001,123102
MARGINENI,2011,3253,123175
MOLDOVENI,2011,2207,123228
NEGRESTI,2011,1632,125169
ONICENI,2011,3388,123255
PANCESTI,2011,1350,125141
PANGARATI,2011,4672,123601
PASTRAVENI,2011,3595,123371
PETRICANI,2011,5286,123424
PIATRA SOIMULUI,2011,5587,123479
PIPIRIG,2011,8372,123521
PODOLENI,2011,4196,123674
POIANA TEIULUI,2011,4451,123790
POIENARI,2011,1453,123709
RAUCESTI,2011,7781,123914
RAZBOIENI,2011,2272,123969
REDIU,2011,4247,124028
ROMANI,2011,3939,124073
RUGINOASA,2011,1782,125105
SABAOANI,2011,9901,124206
SAGNA,2011,3883,124153
SAVINESTI,2011,6333,120824
SECUIENI,2011,2967,124233
STANITA,2011,1966,124331
STEFAN CEL MARE,2011,3024,124411
TAMASENI,2011,6493,124634
TARCAU,2011,3062,124493
TASCA,2011,2235,124563
TAZLAU,2011,2224,124616
TIBUCANI,2011,3886,124803
TIMISESTI,2011,3492,124661
TRIFESTI,2011,4551,124723
TUPILATI,2011,2186,124750
URECHENI,2011,3343,124849
VALEA URSULUI,2011,3874,124885
VALENI,2011,1380,125123
VANATORI-NEAMT,2011,7595,125016
ZANESTI,2011,4902,125061
JUDETUL OLT,2011,436400,289
MUNICIPIUL SLATINA,2011,70293,125347
MUNICIPIUL CARACAL,2011,30954,125472
ORAS BALS,2011,18164,125418
ORAS CORABIA,2011,16441,125542
ORAS DRAGANESTI-OLT,2011,10894,125622
ORAS PIATRA-OLT,2011,6299,128105
ORAS POTCOAVA,2011,5743,128374
ORAS SCORNICESTI,2011,11766,128711
BABICIU,2011,2084,125659
BALDOVINESTI,2011,1089,125677
BALTENI,2011,1694,130286
BARASTI,2011,1793,125757
BARZA,2011,2532,125846
BOBICESTI,2011,3314,125873
BRANCOVENI,2011,2730,126022
BRASTAVATU,2011,4830,125962
BREBENI,2011,3016,125999
BUCINISU,2011,2145,126077
CALUI,2011,1519,130295
CARLOGANI,2011,2329,126166
CEZIENI,2011,1830,126102
CILIENI,2011,3244,126148
COLONESTI,2011,2072,126228
CORBU,2011,2458,126326
COTEANA,2011,2435,126380
CRAMPOIA,2011,3651,126406
CUNGREA,2011,2178,126503
CURTISOARA,2011,4192,126433
DANEASA,2011,3827,126585
DEVESELU,2011,3157,126647
DOBRETU,2011,1227,126674
DOBROSLOVENI,2011,3736,126718
DOBROTEASA,2011,1831,126772
DOBRUN,2011,1546,126825
DRAGHICENI,2011,1828,125490
FAGETELU,2011,1219,126905
FALCOIU,2011,4004,126978
FARCASELE,2011,4683,127019
GANEASA,2011,3775,127064
GARCOV,2011,2303,125588
GAVANESTI,2011,2050,130302
GHIMPETENI,2011,1530,130311
GIUVARASTI,2011,2381,127126
GOSTAVATU,2011,2919,127144
GRADINARI,2011,2370,127171
GRADINILE,2011,1507,130320
GROJDIBODU,2011,2857,127224
GURA PADINII,2011,1693,130339
IANCA,2011,3560,127251
IANCU JIANU,2011,4118,127288
ICOANA,2011,1917,127322
IPOTESTI,2011,1441,130348
IZBICENI,2011,4807,127368
IZVOARELE,2011,3485,127386
LELEASCA,2011,1640,127411
MARUNTEI,2011,4163,127493
MIHAESTI,2011,1678,127536
MILCOV,2011,1546,127563
MORUNGLAV,2011,2545,127625
MOVILENI,2011,3443,127689
NICOLAE TITULESCU,2011,1271,127714
OBARSIA,2011,2902,127750
OBOGA,2011,1777,127812
OPORELU,2011,1250,127858
OPTASI-MAGURA,2011,1247,127901
ORLEA,2011,2331,127938
OSICA DE JOS,2011,1567,130357
OSICA DE SUS,2011,5215,127983
PARSCOVENI,2011,3062,128178
PERIETI,2011,2215,128052
PLESOIU,2011,3105,128221
POBORU,2011,2034,128301
PRISEACA,2011,1580,128436
RADOMIRESTI,2011,3402,128472
REDEA,2011,3006,128524
ROTUNDA,2011,2841,128560
RUSANESTI,2011,4434,128588
SAMBURESTI,2011,1209,128882
SARBII-MAGURA,2011,2053,130366
SCARISOARA,2011,3002,128613
SCHITU,2011,2660,128659
SEACA,2011,2061,128864
SERBANESTI,2011,2902,129246
SLATIOARA,2011,2585,125374
SOPARLITA,2011,1279,130384
SPINENI,2011,2069,128962
SPRANCENATA,2011,2694,129040
STEFAN CEL MARE,2011,1808,129282
STOENESTI,2011,2422,129095
STOICANESTI,2011,2638,129111
STREJESTI,2011,3237,129139
STUDINA,2011,2985,129184
TATULESTI,2011,1088,129317
TESLUI,2011,2737,129380
TIA MARE,2011,4496,129460
TOPANA,2011,991,129503
TRAIAN,2011,3264,129567
TUFENI,2011,3038,129585
URZICA,2011,2283,129629
VADASTRA,2011,1449,129718
VADASTRITA,2011,3437,129745
VALCELE,2011,2526,129987
VALEA MARE,2011,3829,129656
VALENI,2011,2826,129763
VERGULEASA,2011,3139,129816
VISINA,2011,2930,129898
VISINA NOUA,2011,1767,130375
VITOMIRESTI,2011,2282,129914
VLADILA,2011,1925,130026
VOINEASA,2011,2229,130062
VULPENI,2011,2255,130124
VULTURESTI,2011,2591,130231
JUDETUL PRAHOVA,2011,762886,298
MUNICIPIUL PLOIESTI,2011,209945,130534
MUNICIPIUL CAMPINA,2011,32935,131256
ORAS AZUGA,2011,4440,130954
ORAS BAICOI,2011,17981,130981
ORAS BOLDESTI-SCAENI,2011,11137,131069
ORAS BREAZA,2011,15928,131103
ORAS BUSTENI,2011,8894,131210
ORAS COMARNIC,2011,11970,131336
ORAS MIZIL,2011,14312,131407
ORAS PLOPENI,2011,7718,131443
ORAS SINAIA,2011,10410,131540
ORAS SLANIC,2011,6034,131577
ORAS URLATI,2011,10541,131620
ORAS VALENII DE MUNTE,2011,12257,131817
ADUNATI,2011,2104,131899
ALBESTI-PALEOLOGU,2011,5683,131933
ALUNIS,2011,3661,131988
APOSTOLACHE,2011,2164,132011
ARICESTII RAHTIVANI,2011,8704,132075
ARICESTII ZELETIN,2011,1224,132137
BABA ANA,2011,3894,132164
BALTA DOAMNEI,2011,2652,132226
BALTESTI,2011,3434,132271
BANESTI,2011,5240,132315
BARCANESTI,2011,9384,130552
BATRANI,2011,2147,136278
BERCENI,2011,6186,130614
BERTEA,2011,3239,132342
BLEJOI,2011,8575,130678
BOLDESTI-GRADISTEA,2011,1817,132379
BRAZI,2011,8094,130712
BREBU,2011,7103,132404
BUCOV,2011,10388,130785
CALUGARENI,2011,1279,132459
CARBUNESTI,2011,1642,132486
CEPTURA,2011,4717,132510
CERASU,2011,4628,132574
CHIOJDEANCA,2011,1728,132645
CIORANI,2011,6720,132681
COCORASTII COLT,2011,2837,136241
COCORASTII MISLII,2011,3229,132716
COLCEAG,2011,5103,132752
CORNU,2011,4516,132805
COSMINELE,2011,1068,132841
DRAGANESTI,2011,4941,133018
DRAJNA,2011,5168,132896
DUMBRAVA,2011,4505,133090
DUMBRAVESTI,2011,3537,131461
FANTANELE,2011,1953,133278
FILIPESTII DE PADURE,2011,10358,133161
FILIPESTII DE TARG,2011,7689,133214
FLORESTI,2011,6993,133330
FULGA,2011,3482,133394
GHERGHITA,2011,1977,133429
GORGOTA,2011,5207,133508
GORNET,2011,2928,133562
GORNET-CRICOV,2011,2318,133615
GURA VADULUI,2011,2285,133688
GURA VITIOAREI,2011,6003,131835
IORDACHEANU,2011,5150,133722
IZVOARELE,2011,6577,133795
JUGURENI,2011,613,133866
LAPOS,2011,1229,133919
LIPANESTI,2011,5308,133964
MAGURELE,2011,4749,134014
MAGURENI,2011,5777,134050
MANECIU,2011,10331,134096
MANESTI,2011,3994,134194
OLARI,2011,2146,136250
PACURETI,2011,2149,134336
PAULESTI,2011,5886,130847
PLOPU,2011,2359,134390
PODENII NOI,2011,4860,134443
POIANA CAMPINA,2011,4746,131274
POIENARII BURCHII,2011,5163,134559
POSESTI,2011,3990,134648
PREDEAL-SARARI,2011,2337,134755
PROVITA DE JOS,2011,2264,134853
PROVITA DE SUS,2011,2042,134899
PUCHENII MARI,2011,8825,134942
RAFOV,2011,5297,135020
SALCIA,2011,1171,135128
SALCIILE,2011,1945,135146
SANGERU,2011,5449,135244
SCORTENI,2011,5634,135164
SECARIA,2011,1243,135226
SIRNA,2011,4935,135431
SOIMARI,2011,3026,135501
SOTRILE,2011,3328,135547
STARCHIOJD,2011,3770,135315
STEFESTI,2011,2137,135618
SURANI,2011,1655,135404
TALEA,2011,1074,135654
TARGSORU VECHI,2011,9117,130892
TATARU,2011,969,135681
TEISANI,2011,3565,135725
TELEGA,2011,5523,135789
TINOSU,2011,2443,135850
TOMSANI,2011,4461,135896
VADU SAPAT,2011,1678,136269
VALCANESTI,2011,3502,136198
VALEA CALUGAREASCA,2011,10657,135949
VALEA DOFTANEI,2011,6162,136107
VARBILAU,2011,6644,136134
JUDETUL SATU MARE,2011,344360,305
MUNICIPIUL SATU MARE,2011,102411,136483
MUNICIPIUL CAREI,2011,21112,136526
ORAS ARDUD,2011,6231,136848
ORAS LIVADA,2011,6773,138039
ORAS NEGRESTI-OAS,2011,11867,136599
ORAS TASNAD,2011,8631,136642
ACIS,2011,2827,136713
AGRIS,2011,2003,179873
ANDRID,2011,2506,136768
APA,2011,2681,136802
BARSAU,2011,2434,137103
BATARCI,2011,3707,136919
BELTIUG,2011,3228,136964
BERVENI,2011,3376,137032
BIXAD,2011,6504,137069
BOGDAND,2011,2872,137130
BOTIZ,2011,3622,137185
CALINESTI-OAS,2011,4811,137229
CAMARZANA,2011,2355,137274
CAMIN,2011,1388,179677
CAPLENI,2011,3031,136553
CAUAS,2011,2388,137292
CEHAL,2011,1594,137363
CERTEZE,2011,5636,137407
CIUMESTI,2011,1407,179882
CRAIDOROLT,2011,2215,137443
CRUCISOR,2011,2546,137504
CULCIU,2011,3884,137540
DOBA,2011,2760,137611
DOROLT,2011,3806,137675
FOIENI,2011,1840,137728
GHERTA MICA,2011,3412,137746
HALMEU,2011,4968,137764
HODOD,2011,3056,137844
HOMOROADE,2011,1791,137899
LAZURI,2011,5562,137960
MEDIESU AURIT,2011,6683,138084
MICULA,2011,3659,138164
MOFTIN,2011,4293,138208
ODOREU,2011,4946,138280
ORASU NOU,2011,3806,138351
PAULESTI,2011,4909,138431
PETRESTI,2011,1588,138501
PIR,2011,1614,138538
PISCOLT,2011,3161,138574
POMI,2011,2182,138618
PORUMBESTI,2011,2530,180028
RACSA,2011,3052,180091
SACASENI,2011,1178,138770
SANISLAU,2011,3515,138663
SANTAU,2011,2377,138734
SAUCA,2011,1376,138805
SOCOND,2011,2641,138869
SUPUR,2011,4231,138921
TARNA MARE,2011,3774,139009
TARSOLT,2011,3059,139143
TEREBESTI,2011,1750,139054
TIREAM,2011,2226,139107
TURT,2011,5593,139170
TURULUNG,2011,3680,139214
URZICENI,2011,1447,139250
VALEA VINULUI,2011,2067,139287
VAMA,2011,3486,139330
VETIS,2011,4788,139358
VIILE SATU MARE,2011,3514,139394
JUDETUL SALAJ,2011,224384,314
MUNICIPIUL ZALAU,2011,56202,139704
ORAS CEHU SILVANIEI,2011,7214,139740
ORAS JIBOU,2011,10407,139811
ORAS SIMLEU SILVANIEI,2011,14436,139884
AGRIJ,2011,1370,139937
ALMASU,2011,2237,139982
BABENI,2011,1742,140084
BALAN,2011,3722,140146
BANISOR,2011,2022,140208
BENESAT,2011,1536,140244
BOBOTA,2011,3766,140280
BOCSA,2011,3206,140324
BOGHIS,2011,1858,180037
BUCIUMI,2011,2586,140379
CAMAR,2011,1741,140440
CARASTELEC,2011,1089,140477
CHIESD,2011,2420,140501
CIZER,2011,2196,140547
COSEIU,2011,1198,140583
CRASNA,2011,6485,140627
CREACA,2011,2803,140672
CRISENI,2011,2641,140823
CRISTOLT,2011,1235,140770
CUZAPLAC,2011,1864,140869
DOBRIN,2011,1660,140958
DRAGU,2011,1427,141027
FILDU DE JOS,2011,1441,141081
GALGAU,2011,2456,141134
GARBOU,2011,2044,141232
HALMASD,2011,2393,141312
HERECLEAN,2011,3575,141376
HIDA,2011,2787,141447
HOROATU CRASNEI,2011,2485,141535
ILEANDA,2011,2256,141580
IP,2011,3648,141722
LETCA,2011,1846,141786
LOZNA,2011,1072,141884
MAERISTE,2011,3081,142006
MARCA,2011,2542,141946
MESESENII DE JOS,2011,3117,142079
MIRSID,2011,2159,142122
NAPRADEA,2011,2652,142177
NUSFALAU,2011,3600,142239
PERICEI,2011,3768,142284
PLOPIS,2011,2405,142337
POIANA BLENCHII,2011,1221,142373
ROMANASI,2011,2894,142426
RUS,2011,1071,142499
SAG,2011,3276,142612
SALATIG,2011,2913,142550
SAMSUD,2011,1723,142854
SANMIHAIU ALMASULUI,2011,1617,142676
SARMASAG,2011,6092,142881
SIMISNA,2011,1103,179695
SOMES-ODORHEI,2011,2671,142710
SURDUC,2011,3461,142774
TREZNEA,2011,947,179631
VALCAU DE JOS,2011,2851,142952
VARSOLT,2011,2209,143021
ZALHA,2011,864,143067
ZIMBOR,2011,1081,143147
JUDETUL SIBIU,2011,397322,323
MUNICIPIUL SIBIU,2011,147245,143450
MUNICIPIUL MEDIAS,2011,47204,143619
ORAS AGNITA,2011,8732,143682
ORAS AVRIG,2011,12815,144054
ORAS CISNADIE,2011,14282,143735
ORAS COPSA MICA,2011,5404,143771
ORAS DUMBRAVENI,2011,7388,143806
ORAS MIERCUREA SIBIULUI,2011,3910,144928
ORAS OCNA SIBIULUI,2011,3562,143851
ORAS SALISTE,2011,5421,145499
ORAS TALMACIU,2011,6905,145827
ALMA,2011,1886,146012
ALTINA,2011,1562,143888
APOLDU DE JOS,2011,1350,143922
ARPASU DE JOS,2011,2502,143959
ATEL,2011,1429,143995
AXENTE SEVER,2011,3690,144116
BAZNA,2011,3792,144152
BIERTAN,2011,2590,144198
BIRGHIS,2011,2015,144232
BLAJEL,2011,2284,144303
BOITA,2011,1613,146021
BRADENI,2011,1441,144376
BRATEIU,2011,3415,144349
BRUIU,2011,703,144410
CARTA,2011,906,144508
CARTISOARA,2011,1243,144535
CHIRPAR,2011,1434,144456
CRISTIAN,2011,3665,143487
DARLOS,2011,2820,144553
GURA RAULUI,2011,3621,144599
HOGHILAG,2011,2172,144615
IACOBENI,2011,2757,144651
JINA,2011,3750,144713
LASLEA,2011,3327,144731
LOAMNES,2011,2997,144795
LUDOS,2011,746,144866
MARPOD,2011,1017,144893
MERGHINDEAL,2011,1212,144964
MICASASA,2011,2058,144991
MIHAILENI,2011,1036,145042
MOSNA,2011,3335,145104
NOCRICH,2011,2868,145140
ORLAT,2011,3205,145202
PAUCA,2011,1929,145220
POIANA SIBIULUI,2011,2548,145275
POPLACA,2011,1802,143502
PORUMBACU DE JOS,2011,3061,145293
RACOVITA,2011,2760,145355
RASINARI,2011,5416,143520
RAU SADULUI,2011,571,145382
ROSIA,2011,5241,145408
SADU,2011,2365,145471
SEICA MARE,2011,4470,145667
SEICA MICA,2011,1589,145738
SELIMBAR,2011,7028,143557
SLIMNIC,2011,3581,145603
SURA MARE,2011,3769,145765
SURA MICA,2011,2606,145792
TARNAVA,2011,2858,143646
TILISCA,2011,1574,145907
TURNU ROSU,2011,2415,145934
VALEA VIILOR,2011,1873,145961
VURPAR,2011,2557,145998
JUDETUL SUCEAVA,2011,634810,332
MUNICIPIUL SUCEAVA,2011,92121,146263
MUNICIPIUL CAMPULUNG MOLDOVENESC,2011,16722,146502
MUNICIPIUL FALTICENI,2011,25723,146539
MUNICIPIUL RADAUTI,2011,23822,146628
MUNICIPIUL VATRA DORNEI,2011,14429,146744
ORAS BROSTENI,2011,5506,147358
ORAS CAJVANA,2011,6901,147633
ORAS DOLHASCA,2011,10298,148006
ORAS FRASIN,2011,5876,148612
ORAS GURA HUMORULUI,2011,13667,146584
ORAS LITENI,2011,9596,149227
ORAS MILISAUTI,2011,5005,146931
ORAS SALCEA,2011,9015,146370
ORAS SIRET,2011,7976,146655
ORAS SOLCA,2011,2188,146708
ORAS VICOVU DE SUS,2011,13308,151095
ADANCATA,2011,4032,146799
ARBORE,2011,6719,146860
BAIA,2011,6405,146904
BALACEANA,2011,1520,151530
BALCAUTI,2011,3070,146995
BERCHISESTI,2011,2849,151576
BILCA,2011,3583,147036
BOGDANESTI,2011,3909,147054
BOROAIA,2011,4589,147072
BOSANCI,2011,6719,147134
BOTOSANA,2011,2144,147161
BREAZA,2011,1512,147205
BRODINA,2011,3320,147241
BUNESTI,2011,2348,147465
BURLA,2011,2111,151521
CACICA,2011,3712,147526
CALAFINDESTI,2011,2549,147580
CAPU CAMPULUI,2011,2214,151503
CARLIBABA,2011,1717,147713
CIOCANESTI,2011,1384,151451
CIPRIAN PORUMBESCU,2011,1840,151567
COMANESTI,2011,2094,151433
CORNU LUNCII,2011,6614,147786
COSNA,2011,1453,151497
CRUCEA,2011,1833,147884
DARMANESTI,2011,5228,147937
DOLHESTI,2011,3502,148097
DORNA CANDRENILOR,2011,2827,148202
DORNA-ARINI,2011,2841,148131
DORNESTI,2011,3926,148293
DRAGOIESTI,2011,2349,148328
DRAGUSENI,2011,2422,148382
DUMBRAVENI,2011,7480,148426
FANTANA MARE,2011,2237,151488
FANTANELE,2011,4848,148453
FORASTI,2011,4451,148514
FRATAUTII NOI,2011,5736,148667
FRATAUTII VECHI,2011,4394,148694
FRUMOSU,2011,3220,148729
FUNDU MOLDOVEI,2011,3594,148765
GALANESTI,2011,2573,148872
GRAMESTI,2011,3032,148916
GRANICESTI,2011,4440,148970
HANTESTI,2011,3607,151512
HARTOP,2011,2269,151549
HORODNIC DE JOS,2011,2003,149101
HORODNIC DE SUS,2011,5136,151479
HORODNICENI,2011,3283,149049
IACOBENI,2011,1842,149138
IASLOVAT,2011,3163,151442
ILISESTI,2011,2761,147660
IPOTESTI,2011,5635,146281
IZVOARELE SUCEVEI,2011,2063,149183
MALINI,2011,6306,149316
MANASTIREA HUMORULUI,2011,3233,149370
MARGINEA,2011,8552,149290
MITOCU DRAGOMIRNEI,2011,4438,146325
MOARA,2011,4384,149414
MOLDOVA-SULITA,2011,1865,149502
MOLDOVITA,2011,4970,149539
MUSENITA,2011,1871,149584
OSTRA,2011,3009,149655
PALTINOASA,2011,4909,149753
PANACI,2011,2159,149682
PARTESTII DE JOS,2011,2778,149780
PATRAUTI,2011,4567,149833
POIANA STAMPEI,2011,2077,149851
POIENI-SOLCA,2011,1629,151585
POJORATA,2011,2908,149931
PREUTESTI,2011,6725,149968
PUTNA,2011,3569,150043
RADASENI,2011,3575,150070
RASCA,2011,5052,150114
SADOVA,2011,2285,150178
SARU DORNEI,2011,3972,150445
SATU MARE,2011,3594,150196
SCHEIA,2011,9577,146432
SERBAUTI,2011,2847,151460
SIMINICEA,2011,2710,150221
SLATINA,2011,4821,150258
STRAJA,2011,5094,150294
STROIESTI,2011,3304,150310
STULPICANI,2011,5904,150356
SUCEVITA,2011,2762,150418
TODIRESTI,2011,5259,150524
UDESTI,2011,7566,150588
ULMA,2011,2007,150702
VADU MOLDOVEI,2011,3993,150766
VALEA MOLDOVEI,2011,3838,150891
VAMA,2011,5426,150935
VATRA MOLDOVITEI,2011,4099,150980
VERESTI,2011,6289,151022
VICOVU DE JOS,2011,5925,151077
VOITINEL,2011,4387,151558
VOLOVAT,2011,4952,151120
VULTURESTI,2011,3395,151157
ZAMOSTEA,2011,2849,151246
ZVORISTEA,2011,6124,151344
JUDETUL TELEORMAN,2011,380123,341
MUNICIPIUL ALEXANDRIA,2011,45434,151790
MUNICIPIUL ROSIORI DE VEDE,2011,27416,151870
MUNICIPIUL TURNU MAGURELE,2011,24772,151683
ORAS VIDELE,2011,11508,151905
ORAS ZIMNICEA,2011,14058,151978
BABAITA,2011,3032,152038
BALACI,2011,2034,151996
BECIU,2011,1641,155083
BEUCA,2011,1371,155092
BLEJESTI,2011,3950,152083
BOGDANA,2011,2493,152127
BOTOROAGA,2011,5899,152172
BRAGADIRU,2011,3969,152234
BRANCENI,2011,2881,152252
BUJORENI,2011,1092,152270
BUJORU,2011,2027,152314
BUZESCU,2011,3922,152332
CALINESTI,2011,3473,152350
CALMATUIU,2011,2188,152412
CALMATUIU DE SUS,2011,2282,152467
CERVENIA,2011,3190,152500
CIOLANESTI,2011,3143,152528
CIUPERCENI,2011,1549,151709
CONTESTI,2011,3479,152564
COSMESTI,2011,2600,152582
CRANGENI,2011,2878,152617
CRANGU,2011,1467,152662
CREVENICU,2011,1564,151932
DIDESTI,2011,1322,152724
DOBROTESTI,2011,4605,152760
DRACEA,2011,1358,155109
DRACSENEI,2011,1791,152797
DRAGANESTI DE VEDE,2011,2154,152868
DRAGANESTI-VLASCA,2011,4325,152902
FANTANELE,2011,1700,155118
FRASINET,2011,2623,155127
FRUMOASA,2011,2203,152993
FURCULESTI,2011,3063,152948
GALATENI,2011,2967,153026
GRATIA,2011,3005,153062
ISLAZ,2011,5339,151736
IZVOARELE,2011,2578,153106
LISA,2011,2107,153124
LITA,2011,2687,151763
LUNCA,2011,3350,153151
MAGURA,2011,2811,153240
MALDAENI,2011,4092,153277
MARZANESTI,2011,3885,153339
MAVRODIN,2011,2693,153204
MERENI,2011,3084,153295
MOSTENI,2011,1622,153384
NANOV,2011,3586,151816
NASTURELU,2011,2619,153400
NECSESTI,2011,1306,153437
NENCIULESTI,2011,2477,154996
OLTENI,2011,3289,153473
ORBEASCA,2011,7625,153507
PERETU,2011,6329,153543
PIATRA,2011,3392,153561
PIETROSANI,2011,2941,153589
PLOPII-SLAVITESTI,2011,2581,153623
PLOSCA,2011,5900,153605
POENI,2011,3118,153696
POROSCHIA,2011,4166,151834
PURANI,2011,1524,155136
PUTINEIU,2011,2371,153829
RADOIESTI,2011,2187,153865
RASMIRESTI,2011,993,153909
SACENI,2011,1373,153972
SAELELE,2011,2293,155145
SALCIA,2011,2659,153936
SARBENI,2011,1617,154308
SCRIOASTEA,2011,3853,154013
SCURTU MARE,2011,1838,154068
SEACA,2011,2270,154139
SEGARCEA-VALE,2011,3211,154184
SFINTESTI,2011,1153,154166
SILISTEA,2011,2513,154228
SILISTEA-GUMESTI,2011,2633,154282
SLOBOZIA MANDRA,2011,1819,154344
SMARDIOASA,2011,2385,154380
STEJARU,2011,1968,154415
STOROBANEASA,2011,3101,154497
SUHAIA,2011,2338,154460
TALPA,2011,2055,154521
TATARASTII DE JOS,2011,3779,154585
TATARASTII DE SUS,2011,3197,154665
TIGANESTI,2011,4508,154834
TRAIAN,2011,1902,154736
TRIVALEA-MOSTENI,2011,2837,154754
TROIANUL,2011,3048,154790
UDA-CLOCOCIOV,2011,1582,155154
VARTOAPE,2011,3145,154932
VEDEA,2011,3592,154852
VIISOARA,2011,1889,154914
VITANESTI,2011,2945,153776
ZAMBREASCA,2011,1540,154978
JUDETUL TIMIS,2011,683540,350
MUNICIPIUL TIMISOARA,2011,319279,155243
MUNICIPIUL LUGOJ,2011,40361,155350
ORAS BUZIAS,2011,7023,155403
ORAS CIACOVA,2011,5348,156357
ORAS DETA,2011,6260,155458
ORAS FAGET,2011,6761,156801
ORAS GATAIA,2011,5861,157086
ORAS JIMBOLIA,2011,10808,155494
ORAS RECAS,2011,8336,158314
ORAS SANNICOLAU MARE,2011,12312,155528
BALINT,2011,1596,155546
BANLOC,2011,2631,155591
BARA,2011,388,155662
BARNA,2011,1640,155957
BEBA VECHE,2011,1539,155724
BECICHERECU MIC,2011,2853,155760
BELINT,2011,2789,155797
BETHAUSEN,2011,3057,155840
BILED,2011,3294,155911
BIRDA,2011,1846,159366
BOGDA,2011,460,156035
BOLDUR,2011,2439,156106
BRESTOVAT,2011,674,156151
BUCOVAT,2011,1601,159516
CARPINIS,2011,4477,156213
CENAD,2011,4207,156259
CENEI,2011,2670,156277
CHECEA,2011,1838,159375
CHEVERESU MARE,2011,2272,156311
COMLOSU MARE,2011,4737,156437
COSTEIU,2011,3635,156473
CRICIOVA,2011,1587,156534
CURTEA,2011,1193,156589
DAROVA,2011,3049,156623
DENTA,2011,2982,156669
DUDESTII NOI,2011,3179,159384
DUDESTII VECHI,2011,4203,156712
DUMBRAVA,2011,2659,156767
DUMBRAVITA,2011,7522,155261
FARDEA,2011,1750,156927
FIBIS,2011,1590,159393
FOENI,2011,1737,157004
GAVOJDIA,2011,3034,157031
GHILAD,2011,2078,159400
GHIRODA,2011,6200,155289
GHIZELA,2011,1155,157193
GIARMATA,2011,6502,157246
GIERA,2011,1239,157273
GIROC,2011,8388,155314
GIULVAZ,2011,3075,157317
GOTTLOB,2011,2041,159419
IECEA MARE,2011,2231,159428
JAMU MARE,2011,2971,157362
JEBEL,2011,3584,157424
LENAUHEIM,2011,5109,157451
LIEBLING,2011,3723,157497
LIVEZILE,2011,1566,159491
LOVRIN,2011,3223,157530
MANASTIUR,2011,1658,157736
MARGINA,2011,2186,157585
MASLOC,2011,2285,157683
MORAVITA,2011,2289,157781
MOSNITA NOUA,2011,6203,157834
NADRAG,2011,2836,157898
NITCHIDORF,2011,1523,157923
OHABA LUNGA,2011,1084,157969
ORTISOARA,2011,4190,158010
OTELEC,2011,1499,159525
PADURENI,2011,1938,159446
PARTA,2011,2172,159437
PECIU NOU,2011,4982,158065
PERIAM,2011,4505,158109
PESAC,2011,1990,159507
PIETROASA,2011,1120,158136
PISCHIA,2011,3051,158181
RACOVITA,2011,3168,158243
REMETEA MARE,2011,2302,158396
SACALAZ,2011,7204,158564
SACOSU TURCESC,2011,3307,158449
SAG,2011,3009,158779
SANANDREI,2011,5717,158653
SANDRA,2011,2882,159464
SANMIHAIU ROMAN,2011,6121,158699
SANPETRU MARE,2011,3145,158733
SARAVALE,2011,2628,159455
SATCHINEZ,2011,4743,158528
SECAS,2011,299,158608
STIUCA,2011,1813,158804
TEREMIA MARE,2011,4019,158859
TOMESTI,2011,2093,158895
TOMNATIC,2011,3144,159473
TOPOLOVATU MARE,2011,2574,158966
TORMAC,2011,2714,159035
TRAIAN VUIA,2011,2059,159071
UIVAR,2011,2453,159142
VALCANI,2011,1350,159482
VARIAS,2011,5682,159213
VICTOR VLAD DELAMARINA,2011,2604,159259
VOITEG,2011,2437,159339
JUDETUL TULCEA,2011,213083,369
MUNICIPIUL TULCEA,2011,73707,159614
ORAS BABADAG,2011,8940,159650
ORAS ISACCEA,2011,5026,159687
ORAS MACIN,2011,8245,159730
ORAS SULINA,2011,3663,159767
BAIA,2011,4758,159785
BEIDAUD,2011,1608,159847
BESTEPE,2011,1667,161552
C.A. ROSETTI,2011,910,159883
CARCALIU,2011,2457,159945
CASIMCEA,2011,2976,159963
CEAMURLIA DE JOS,2011,2163,160092
CEATALCHIOI,2011,593,160047
CERNA,2011,3529,160127
CHILIA VECHE,2011,2132,160172
CIUCUROVA,2011,1977,160225
CRISAN,2011,1228,160261
DAENI,2011,2016,160305
DOROBANTU,2011,1429,160323
FRECATEI,2011,3426,160387
GRECI,2011,5117,160430
GRINDU,2011,1356,160458
HAMCEARCA,2011,1414,160476
HORIA,2011,1248,160528
I.C.BRATIANU,2011,1187,161525
IZVOARELE,2011,2049,160564
JIJILA,2011,5312,160617
JURILOVCA,2011,3935,160644
LUNCAVITA,2011,4244,160680
MAHMUDIA,2011,2341,160724
MALIUC,2011,856,160779
MIHAI BRAVU,2011,2356,160831
MIHAIL KOGALNICEANU,2011,2735,160877
MURIGHIOL,2011,3217,160911
NALBANT,2011,2522,160993
NICULITEL,2011,4297,161035
NUFARU,2011,2273,161053
OSTROV,2011,1925,161106
PARDINA,2011,527,161133
PECENEAGA,2011,1569,161151
SARICHIOI,2011,5856,161179
SFANTU GHEORGHE,2011,797,161231
SLAVA CERCHEZA,2011,1666,161259
SMARDAN,2011,1077,161286
SOMOVA,2011,4388,161302
STEJARU,2011,1570,161348
TOPOLOG,2011,4698,161384
TURCOAIA,2011,3187,161464
VACARENI,2011,2201,161543
VALEA NUCARILOR,2011,3266,161482
VALEA TEILOR,2011,1447,161561
JUDETUL VASLUI,2011,395499,378
MUNICIPIUL VASLUI,2011,55407,161945
MUNICIPIUL BARLAD,2011,55837,161794
MUNICIPIUL HUSI,2011,26266,161829
ORAS MURGENI,2011,7119,164981
ORAS NEGRESTI,2011,8380,161856
ALBESTI,2011,2893,162014
ALEXANDRU VLAHUTA,2011,1550,162069
ARSURA,2011,1717,162149
BACANI,2011,2814,162327
BACESTI,2011,4107,162381
BALTENI,2011,1523,162452
BANCA,2011,5389,162194
BEREZENI,2011,4780,162498
BLAGESTI,2011,1515,162559
BOGDANA,2011,1602,162595
BOGDANESTI,2011,3242,162693
BOGDANITA,2011,1437,162791
BOTESTI,2011,2049,162871
BUNESTI-AVERESTI,2011,2592,162924
CIOCANI,2011,1638,167268
CODAESTI,2011,4362,163002
COROIESTI,2011,2014,163057
COSTESTI,2011,2953,163137
COZMESTI,2011,2202,167277
CRETESTI,2011,1790,163208
DANESTI,2011,2205,163253
DELENI,2011,2257,163324
DELESTI,2011,2358,163379
DIMITRIE CANTEMIR,2011,2676,164277
DODESTI,2011,1724,167286
DRAGOMIRESTI,2011,4900,163486
DRANCENI,2011,3973,163618
DUDA-EPURENI,2011,4397,163681
DUMESTI,2011,3334,163734
EPURENI,2011,3081,163789
FALCIU,2011,5103,163832
FERESTI,2011,1897,167295
FRUNTISENI,2011,1795,167231
GAGESTI,2011,2024,163903
GARCENI,2011,2443,164062
GHERGHESTI,2011,2595,163967
GRIVITA,2011,3293,164133
HOCENI,2011,2794,164197
IANA,2011,3870,164339
IBANESTI,2011,1451,167222
IVANESTI,2011,4495,164393
IVESTI,2011,2409,164543
LAZA,2011,3114,164598
LIPOVAT,2011,3960,164687
LUNCA BANULUI,2011,3501,164749
MALUSTENI,2011,2462,164829
MICLESTI,2011,2636,164892
MUNTENII DE JOS,2011,3584,164936
MUNTENII DE SUS,2011,2763,167302
OLTENESTI,2011,2515,165069
OSESTI,2011,3157,165130
PADURENI,2011,4028,165185
PERIENI,2011,3536,165274
POCHIDIA,2011,1629,167311
POGANA,2011,2992,165416
POGONESTI,2011,1561,167259
POIENESTI,2011,2855,165336
PUIESTI,2011,4661,165470
PUNGESTI,2011,3223,165611
PUSCASI,2011,3328,167320
RAFAILA,2011,1835,167240
REBRICEA,2011,3451,165719
ROSIESTI,2011,3151,165817
SOLESTI,2011,3623,165899
STANILESTI,2011,5117,165979
STEFAN CEL MARE,2011,3160,166057
SULETEA,2011,2288,166137
TACUTA,2011,3248,166235
TANACU,2011,2040,166182
TATARANI,2011,2171,166315
TODIRESTI,2011,3214,166413
TUTOVA,2011,3311,166529
VALENI,2011,4022,166636
VETRISOAIA,2011,2830,166672
VIISOARA,2011,1909,166707
VINDEREI,2011,4025,166770
VOINESTI,2011,3757,166869
VULTURESTI,2011,2236,166985
VUTCANI,2011,2035,167035
ZAPODENI,2011,3724,167071
ZORLENI,2011,8595,167179
JUDETUL VALCEA,2011,371714,387
MUNICIPIUL RAMNICU VALCEA,2011,98776,167473
MUNICIPIUL DRAGASANI,2011,17871,167981
ORAS BABENI,2011,8451,168372
ORAS BAILE GOVORA,2011,2449,167641
ORAS BAILE OLANESTI,2011,4186,167696
ORAS BALCESTI,2011,4864,168452
ORAS BERBESTI,2011,4836,168602
ORAS BREZOI,2011,6022,167794
ORAS CALIMANESTI,2011,7622,167909
ORAS HOREZU,2011,6263,168041
ORAS OCNELE MARI,2011,3309,168130
ALUNU,2011,4109,168229
AMARASTI,2011,1826,168309
BARBATESTI,2011,3318,168559
BERISLAVESTI,2011,2769,168675
BOISOARA,2011,1313,168755
BUDESTI,2011,5694,168791
BUJORENI,2011,4410,168880
BUNESTI,2011,2639,168960
CAINENI,2011,2500,169119
CERNISOARA,2011,3782,169039
COPACENI,2011,2603,169182
COSTESTI,2011,3244,169253
CRETENI,2011,2151,169306
DAESTI,2011,2899,169351
DANICEI,2011,2041,169404
DICULESTI,2011,1981,174502
DRAGOESTI,2011,1980,169547
FARTATESTI,2011,3976,169681
FAURESTI,2011,1559,169583
FRANCESTI,2011,4988,169896
GALICEA,2011,3748,169994
GHIOROIU,2011,1822,170097
GLAVILE,2011,2027,170168
GOLESTI,2011,2540,170220
GRADISTEA,2011,2622,170346
GUSOENI,2011,1535,170444
IONESTI,2011,4130,170514
LACUSTENI,2011,1477,174511
LADESTI,2011,2036,170685
LALOSU,2011,2478,170612
LAPUSATA,2011,2154,170792
LIVEZI,2011,2301,170872
LUNGESTI,2011,3045,170952
MACIUCA,2011,1797,171101
MADULARI,2011,1459,171209
MALAIA,2011,1703,171021
MALDARESTI,2011,1809,171272
MATEESTI,2011,3096,171067
MIHAESTI,2011,6443,171325
MILCOIU,2011,1265,171469
MITROFANI,2011,945,174520
MUEREASCA,2011,2467,171539
NICOLAE BALCESCU,2011,3462,171628
OLANU,2011,2890,171806
ORLESTI,2011,3198,171879
OTESANI,2011,2641,171931
PAUSESTI,2011,2717,171995
PAUSESTI-MAGLASI,2011,3992,172082
PERISANI,2011,2326,172153
PESCEANA,2011,1692,172279
PIETRARI,2011,2881,172340
POPESTI,2011,2972,172377
PRUNDENI,2011,3990,172457
RACOVITA,2011,1822,172509
ROESTI,2011,2105,172581
ROSIILE,2011,2759,172698
RUNCU,2011,980,172812
SALATRUCEL,2011,1983,172894
SCUNDU,2011,1861,172947
SINESTI,2011,2297,172992
SIRINEASA,2011,2404,173686
SLATIOARA,2011,3293,173061
STANESTI,2011,1270,173132
STEFANESTI,2011,3248,173748
STOENESTI,2011,3409,173230
STOILESTI,2011,3747,173374
STROESTI,2011,2809,173533
SUSANI,2011,3291,173793
SUTESTI,2011,2031,173597
TETOIU,2011,2683,173855
TITESTI,2011,898,174496
TOMSANI,2011,3729,173935
VAIDEENI,2011,3946,174021
VALEA MARE,2011,2610,174085
VLADESTI,2011,2883,174156
VOICESTI,2011,1612,174218
VOINEASA,2011,1455,174254
ZATRENI,2011,2498,174290
JUDETUL VRANCEA,2011,340310,396
MUNICIPIUL FOCSANI,2011,79315,174744
MUNICIPIUL ADJUD,2011,16045,174860
ORAS MARASESTI,2011,10671,174922
ORAS ODOBESTI,2011,9364,175019
ORAS PANCIU,2011,7664,175055
ANDREIASU DE JOS,2011,1655,175126
BALESTI,2011,1941,175206
BARSESTI,2011,1299,175224
BILIESTI,2011,1833,178929
BOGHESTI,2011,1680,175260
BOLOTESTI,2011,4231,175368
BORDESTI,2011,1683,175439
BROSTENI,2011,2054,175466
CAMPINEANCA,2011,3501,174780
CAMPURI,2011,3475,175670
CARLIGELE,2011,3116,175732
CHIOJDENI,2011,2322,175509
CIORASTI,2011,3150,175590
CORBITA,2011,1793,175787
COTESTI,2011,4641,175885
DUMBRAVENI,2011,4281,175938
DUMITRESTI,2011,4602,175983
FITIONESTI,2011,2286,176150
GAROAFA,2011,4037,176212
GOLESTI,2011,4115,174824
GOLOGANU,2011,3040,178938
GUGESTI,2011,5942,176301
GURA CALITEI,2011,2473,176338
HOMOCEA,2011,6625,176445
JARISTEA,2011,4204,176506
JITIA,2011,1609,176551
MAICANESTI,2011,4612,176613
MERA,2011,3453,176686
MILCOVUL,2011,2995,176748
MOVILITA,2011,3183,176793
NANESTI,2011,2055,176855
NARUJA,2011,1659,176891
NEGRILESTI,2011,1816,178885
NEREJU,2011,4187,176944
NISTORESTI,2011,1917,177003
OBREJITA,2011,1583,178947
PALTIN,2011,1861,177101
PAULESTI,2011,1834,178910
PAUNESTI,2011,5898,177236
PLOSCUTENI,2011,3114,178894
POIANA CRISTEI,2011,2650,177263
POPESTI,2011,2753,178901
PUFESTI,2011,3646,177352
RACOASA,2011,3162,177405
RASTOACA,2011,1811,178956
REGHIU,2011,2126,177469
RUGINESTI,2011,3497,177557
SIHLEA,2011,5039,177600
SLOBOZIA BRADULUI,2011,7010,177655
SLOBOZIA CIORASTI,2011,1699,177726
SOVEJA,2011,2159,177762
SPULBER,2011,1279,178965
STRAOANE,2011,3235,177799
SURAIA,2011,4595,177842
TAMBOESTI,2011,2887,178046
TANASOAIA,2011,1972,177879
TATARANU,2011,3952,177986
TIFESTI,2011,5197,178180
TULNICI,2011,3450,178117
URECHESTI,2011,2532,178279
VALEA SARII,2011,1608,178313
VANATORI,2011,5164,178607
VARTESCOIU,2011,3151,178689
VIDRA,2011,6295,178377
VINTILEASCA,2011,1981,178475
VIZANTEA-LIVEZI,2011,3793,178545
VRANCIOAIA,2011,2576,178750
VULTURU,2011,6277,178821
MUNICIPIUL BUCURESTI,2011,1883425,403
BUCURESTI SECTORUL 1,2011,225453,179141
BUCURESTI SECTORUL 2,2011,345370,179150
BUCURESTI SECTORUL 3,2011,385439,179169
BUCURESTI SECTORUL 4,2011,287828,179178
BUCURESTI SECTORUL 5,2011,271575,179187
BUCURESTI SECTORUL 6,2011,367760,179196
