"10","2011","327258"
"29","2011","409072"
"38","2011","591353"
"47","2011","583590"
"56","2011","549752"
"65","2011","277861"
"74","2011","398932"
"83","2011","505442"
"92","2011","304925"
"109","2011","432050"
"118","2011","274277"
"519","2011","285107"
"127","2011","659370"
"136","2011","630679"
"145","2011","206261"
"154","2011","501996"
"163","2011","618335"
"172","2011","507402"
"528","2011","265493"
"181","2011","334231"
"190","2011","304969"
"207","2011","396253"
"216","2011","258669"
"225","2011","723553"
"234","2011","364241"
"243","2011","461290"
"252","2011","254570"
"261","2011","531380"
"270","2011","452900"
"289","2011","415530"
"298","2011","735883"
"305","2011","329079"
"314","2011","217895"
"323","2011","375992"
"332","2011","614451"
"341","2011","360178"
"350","2011","650544"
"369","2011","201468"
"378","2011","375151"
"387","2011","355320"
"396","2011","323080"
"403","2011","1677985"
"81415","2011","3148"
"81497","2011","3112"
"81754","2011","1535"
"86990","2011","34331"
"129914","2011","2212"
"87077","2011","21373"
"18162","2011","2133"
"128882","2011","1167"
"143450","2011","137026"
"112806","2011","1472"
"143520","2011","5280"
"143557","2011","6763"
"143487","2011","3536"
"156277","2011","2537"
"143502","2011","1754"
"156437","2011","4572"
"73594","2011","1668"
"143735","2011","13410"
"143851","2011","3372"
"179999","2011","1235"
"18028","2011","6548"
"79004","2011","6929"
"149138","2011","1807"
"156589","2011","1177"
"79077","2011","2966"
"100754","2011","2700"
"69063","2011","4745"
"112469","2011","2671"
"144054","2011","12095"
"144599","2011","3518"
"145275","2011","2614"
"46867","2011","4376"
"80285","2011","3273"
"144713","2011","3407"
"105909","2011","2978"
"144928","2011","3792"
"144795","2011","2931"
"144866","2011","732"
"145042","2011","1017"
"168229","2011","4033"
"145202","2011","3152"
"145603","2011","3427"
"48771","2011","5783"
"145355","2011","2714"
"145382","2011","557"
"145765","2011","3564"
"167641","2011","2353"
"145408","2011","5111"
"156767","2011","2581"
"145471","2011","2322"
"80560","2011","2228"
"74322","2011","3187"
"145499","2011","5040"
"145667","2011","4234"
"145907","2011","1601"
"128052","2011","2206"
"145827","2011","6527"
"145934","2011","2381"
"145998","2011","2474"
"167473","2011","92573"
"146021","2011","1572"
"170685","2011","1976"
"170792","2011","2055"
"172992","2011","2225"
"168041","2011","6072"
"167696","2011","4064"
"167794","2011","5691"
"168372","2011","8022"
"168602","2011","4591"
"167909","2011","7291"
"168559","2011","3249"
"168791","2011","5474"
"168880","2011","4117"
"168960","2011","2442"
"172082","2011","3868"
"169351","2011","2821"
"168130","2011","3080"
"169039","2011","3692"
"169253","2011","3165"
"155136","2011","1502"
"169119","2011","2355"
"169182","2011","2500"
"169896","2011","4850"
"170346","2011","2494"
"169306","2011","2124"
"170872","2011","2220"
"170168","2011","1975"
"109773","2011","86475"
"169994","2011","3654"
"170514","2011","3937"
"171067","2011","3008"
"171272","2011","1781"
"171325","2011","6210"
"171806","2011","2831"
"171021","2011","1661"
"172377","2011","2904"
"171539","2011","2405"
"171931","2011","2581"
"171995","2011","2668"
"172509","2011","1715"
"172581","2011","2053"
"157246","2011","6009"
"172698","2011","2655"
"172894","2011","1876"
"172947","2011","1837"
"173061","2011","3187"
"174780","2011","3335"
"173230","2011","3303"
"173374","2011","3589"
"173533","2011","2734"
"173686","2011","2339"
"173935","2011","3664"
"174021","2011","3795"
"174156","2011","2724"
"174824","2011","3988"
"174254","2011","1405"
"175019","2011","8939"
"174496","2011","852"
"78711","2011","3941"
"157451","2011","4787"
"78748","2011","2102"
"43180","2011","3052"
"44818","2011","108384"
"44845","2011","31256"
"44863","2011","2579"
"45003","2011","4301"
"45101","2011","8236"
"45245","2011","2732"
"45389","2011","1155"
"45496","2011","2491"
"37823","2011","3903"
"45539","2011","2308"
"45815","2011","3513"
"45888","2011","885"
"46108","2011","614"
"46251","2011","1803"
"46313","2011","4461"
"46377","2011","4898"
"46439","2011","1082"
"46554","2011","2090"
"46769","2011","3998"
"46803","2011","3392"
"46830","2011","2426"
"175732","2011","3054"
"46910","2011","3902"
"47006","2011","5066"
"47417","2011","685"
"47453","2011","6607"
"47079","2011","3374"
"47159","2011","1482"
"47186","2011","4108"
"47300","2011","2858"
"47337","2011","2070"
"47373","2011","7976"
"47630","2011","2553"
"47774","2011","2604"
"47818","2011","933"
"47854","2011","1779"
"48021","2011","861"
"48922","2011","1393"
"48138","2011","3914"
"48165","2011","439"
"48227","2011","2514"
"48968","2011","4444"
"48325","2011","7135"
"48487","2011","3199"
"48557","2011","5493"
"49019","2011","1108"
"48682","2011","3112"
"48744","2011","6926"
"49073","2011","4789"
"49153","2011","3159"
"49206","2011","3212"
"49545","2011","6469"
"49625","2011","3089"
"68789","2011","4006"
"49313","2011","3008"
"49439","2011","2242"
"49643","2011","4616"
"49769","2011","3839"
"154790","2011","2984"
"49849","2011","4367"
"49894","2011","3120"
"49956","2011","9065"
"50022","2011","5207"
"50068","2011","763"
"50102","2011","8237"
"50228","2011","3056"
"50549","2011","2376"
"50326","2011","3404"
"50415","2011","5424"
"50479","2011","4305"
"100638","2011","4187"
"92872","2011","2131"
"92907","2011","1797"
"100610","2011","22743"
"108614","2011","1730"
"93441","2011","2982"
"93085","2011","4105"
"93101","2011","3106"
"93664","2011","4696"
"154852","2011","3620"
"94107","2011","3326"
"100852","2011","2362"
"94125","2011","2699"
"94269","2011","2700"
"94330","2011","2289"
"69250","2011","5075"
"100870","2011","2244"
"94456","2011","2002"
"94606","2011","1501"
"94768","2011","2185"
"100923","2011","2559"
"154932","2011","3094"
"101056","2011","3680"
"102703","2011","3428"
"109826","2011","9116"
"101083","2011","2366"
"101243","2011","1325"
"101298","2011","10020"
"101458","2011","7024"
"102838","2011","1747"
"101724","2011","1878"
"102749","2011","4896"
"101804","2011","7148"
"101822","2011","3245"
"102240","2011","4491"
"103443","2011","3182"
"102419","2011","5093"
"103960","2011","3409"
"102641","2011","1067"
"103862","2011","3663"
"103014","2011","5374"
"103032","2011","6486"
"103130","2011","4412"
"103283","2011","3806"
"103470","2011","2514"
"103568","2011","1266"
"104323","2011","2491"
"104083","2011","2145"
"175439","2011","1609"
"103639","2011","3781"
"103764","2011","3541"
"175466","2011","2011"
"104181","2011","5404"
"104341","2011","1695"
"104421","2011","3038"
"104635","2011","3907"
"104751","2011","4185"
"104886","2011","3131"
"105026","2011","2843"
"105222","2011","3064"
"105384","2011","3373"
"105712","2011","2448"
"105776","2011","3074"
"105794","2011","1876"
"105829","2011","4054"
"131407","2011","13367"
"132164","2011","3799"
"132379","2011","1770"
"132459","2011","1260"
"132510","2011","4653"
"132681","2011","6579"
"132752","2011","4976"
"133394","2011","3392"
"133278","2011","1915"
"133688","2011","2233"
"135244","2011","5230"
"174744","2011","73868"
"179962","2011","3488"
"175126","2011","1591"
"175206","2011","1823"
"175368","2011","4067"
"175885","2011","4480"
"175509","2011","2209"
"175938","2011","4165"
"175983","2011","4467"
"176301","2011","5788"
"176686","2011","3274"
"176338","2011","2400"
"176506","2011","4091"
"176551","2011","1564"
"179971","2011","1183"
"176891","2011","1604"
"66152","2011","4265"
"111685","2011","2595"
"176944","2011","4052"
"177263","2011","2581"
"177003","2011","1855"
"177469","2011","2087"
"177600","2011","4844"
"177726","2011","1611"
"178046","2011","2794"
"178180","2011","5015"
"178279","2011","2459"
"20297","2011","133460"
"178313","2011","1563"
"178475","2011","1924"
"178689","2011","3019"
"178750","2011","2508"
"69394","2011","1965"
"178910","2011","1806"
"178947","2011","1543"
"178965","2011","1259"
"179828","2011","2146"
"180019","2011","1292"
"180055","2011","2161"
"180064","2011","4968"
"26379","2011","6621"
"20313","2011","4330"
"20359","2011","5491"
"20411","2011","3987"
"20466","2011","7428"
"20563","2011","36004"
"20607","2011","6314"
"20670","2011","4556"
"20778","2011","13191"
"22781","2011","5063"
"20821","2011","18390"
"20876","2011","20855"
"20910","2011","4056"
"20965","2011","10602"
"110063","2011","9692"
"21007","2011","5651"
"21098","2011","2124"
"69447","2011","1815"
"21123","2011","6520"
"21418","2011","4497"
"21196","2011","7084"
"21249","2011","1864"
"21338","2011","5174"
"21454","2011","4477"
"21506","2011","6585"
"21560","2011","2515"
"103997","2011","3809"
"21597","2011","3086"
"21668","2011","3874"
"21855","2011","2034"
"21720","2011","3300"
"21757","2011","5100"
"22059","2011","1669"
"22111","2011","2722"
"22576","2011","3009"
"22166","2011","11508"
"26804","2011","10051"
"22898","2011","4494"
"22380","2011","3840"
"22460","2011","2172"
"23387","2011","3883"
"22941","2011","2501"
"23289","2011","4859"
"23350","2011","3333"
"41088","2011","5202"
"23449","2011","4607"
"24999","2011","2034"
"23644","2011","2548"
"23715","2011","6637"
"23948","2011","3686"
"24711","2011","3175"
"110116","2011","9837"
"23797","2011","7927"
"24034","2011","2577"
"24187","2011","3772"
"24276","2011","4330"
"24338","2011","5404"
"24631","2011","6747"
"24766","2011","7006"
"25068","2011","8128"
"25629","2011","2376"
"25148","2011","3787"
"25362","2011","2049"
"25692","2011","2631"
"25932","2011","3265"
"26877","2011","15134"
"25228","2011","4530"
"25291","2011","2537"
"25488","2011","3208"
"25861","2011","2194"
"26029","2011","3217"
"26083","2011","3581"
"26289","2011","4187"
"26320","2011","1860"
"26338","2011","2808"
"26346","2011","3208"
"26361","2011","1686"
"64096","2011","3510"
"64719","2011","1765"
"64461","2011","1923"
"100282","2011","1692"
"96110","2011","2473"
"64826","2011","4563"
"110820","2011","3803"
"65105","2011","1312"
"65154","2011","1190"
"100335","2011","3039"
"100362","2011","1744"
"120726","2011","77393"
"85289","2011","3012"
"123969","2011","2279"
"120771","2011","6553"
"120888","2011","6254"
"120922","2011","5757"
"121153","2011","3071"
"121242","2011","4090"
"121386","2011","1639"
"121466","2011","3437"
"121607","2011","4442"
"101163","2011","5707"
"121732","2011","6763"
"121796","2011","4906"
"122061","2011","3158"
"122132","2011","2827"
"122187","2011","3849"
"122347","2011","7117"
"122392","2011","2196"
"122463","2011","2231"
"122702","2011","4537"
"122613","2011","1905"
"122668","2011","4725"
"122828","2011","4263"
"124028","2011","4131"
"124153","2011","3800"
"123013","2011","3764"
"130954","2011","4289"
"123102","2011","4939"
"123175","2011","3168"
"123228","2011","2217"
"123479","2011","5466"
"123709","2011","1445"
"123601","2011","4544"
"123674","2011","4079"
"124073","2011","3873"
"124233","2011","2895"
"124411","2011","2961"
"15064","2011","2440"
"124616","2011","2226"
"110232","2011","5127"
"124493","2011","3032"
"130981","2011","17358"
"124723","2011","4462"
"124885","2011","3692"
"124938","2011","4744"
"125061","2011","4769"
"125105","2011","1726"
"125123","2011","1337"
"125150","2011","1901"
"125169","2011","1623"
"175670","2011","3378"
"176150","2011","2244"
"176793","2011","3088"
"177236","2011","5511"
"177405","2011","3074"
"177799","2011","3139"
"177557","2011","3350"
"131899","2011","2097"
"177762","2011","2090"
"178885","2011","1827"
"110296","2011","3870"
"111783","2011","3118"
"178117","2011","3197"
"21971","2011","3079"
"178377","2011","6058"
"178545","2011","3741"
"21891","2011","4537"
"22834","2011","4544"
"22237","2011","9015"
"22488","2011","4189"
"76497","2011","3135"
"22665","2011","5664"
"23047","2011","1557"
"23127","2011","1467"
"23207","2011","2814"
"23494","2011","3384"
"23868","2011","1587"
"24089","2011","3436"
"24427","2011","2863"
"147161","2011","2127"
"131988","2011","3628"
"132315","2011","5163"
"24524","2011","4387"
"24837","2011","5000"
"25521","2011","4342"
"75766","2011","7692"
"73031","2011","4631"
"25745","2011","2335"
"26353","2011","2271"
"74108","2011","1905"
"26118","2011","2015"
"75819","2011","2274"
"77587","2011","1651"
"96192","2011","3810"
"96254","2011","10970"
"96370","2011","4637"
"96423","2011","4073"
"96593","2011","2586"
"96717","2011","4419"
"97189","2011","2804"
"112548","2011","4550"
"96888","2011","2478"
"96904","2011","2562"
"97241","2011","3392"
"97394","2011","1724"
"97553","2011","1799"
"97875","2011","4408"
"97777","2011","1527"
"98113","2011","5059"
"98202","2011","1718"
"98603","2011","3164"
"98685","2011","6889"
"99290","2011","2984"
"98827","2011","4224"
"98916","2011","4072"
"99780","2011","6770"
"99441","2011","2487"
"99673","2011","7021"
"100308","2011","1416"
"100219","2011","6347"
"121876","2011","2725"
"123255","2011","3296"
"163324","2011","2206"
"124331","2011","1917"
"162452","2011","1522"
"161794","2011","49929"
"162595","2011","1575"
"161829","2011","24997"
"161856","2011","7897"
"161945","2011","50935"
"162014","2011","2792"
"162069","2011","1547"
"162149","2011","1651"
"162194","2011","5115"
"162327","2011","2698"
"162381","2011","3844"
"45619","2011","2848"
"162498","2011","4651"
"162559","2011","1504"
"163379","2011","2290"
"162693","2011","3138"
"162924","2011","2524"
"163253","2011","2132"
"162791","2011","1367"
"162871","2011","2001"
"163002","2011","4234"
"163057","2011","1939"
"163137","2011","2867"
"163208","2011","1766"
"167277","2011","2130"
"164062","2011","2404"
"163486","2011","4751"
"163734","2011","3185"
"163618","2011","3879"
"164339","2011","3726"
"163681","2011","4215"
"163789","2011","3017"
"163903","2011","1974"
"163832","2011","4914"
"163967","2011","2516"
"164133","2011","3130"
"164197","2011","2727"
"164277","2011","2609"
"68253","2011","3028"
"164393","2011","4344"
"164543","2011","2365"
"164598","2011","3083"
"165130","2011","3045"
"164687","2011","3864"
"164749","2011","3433"
"166137","2011","2192"
"164829","2011","2399"
"164892","2011","2545"
"164936","2011","3464"
"65681","2011","12767"
"165185","2011","3956"
"164981","2011","6423"
"165069","2011","2444"
"55008","2011","31702"
"166413","2011","3111"
"165274","2011","3435"
"132404","2011","7019"
"165336","2011","2817"
"165416","2011","2865"
"166707","2011","1878"
"165719","2011","3353"
"165470","2011","4506"
"165611","2011","3082"
"165817","2011","3099"
"165899","2011","3487"
"166182","2011","2000"
"165979","2011","4972"
"166057","2011","3102"
"166235","2011","3147"
"166315","2011","2104"
"166529","2011","3189"
"166636","2011","3837"
"166672","2011","2772"
"166770","2011","3893"
"166869","2011","3600"
"166985","2011","2242"
"167035","2011","1960"
"167071","2011","3648"
"167231","2011","1752"
"167240","2011","1776"
"110535","2011","2727"
"167179","2011","8206"
"167222","2011","1388"
"167268","2011","1597"
"167295","2011","1796"
"167302","2011","2674"
"167320","2011","3218"
"174860","2011","14670"
"175260","2011","1618"
"175055","2011","7248"
"175787","2011","1715"
"133161","2011","10029"
"176445","2011","6007"
"177352","2011","3486"
"110571","2011","2026"
"42771","2011","1453"
"42913","2011","2608"
"43331","2011","10049"
"126228","2011","2060"
"43279","2011","2236"
"43313","2011","3210"
"44113","2011","2440"
"133214","2011","7418"
"43117","2011","1298"
"43242","2011","1782"
"43466","2011","2963"
"43493","2011","2834"
"43563","2011","3163"
"76932","2011","1433"
"43625","2011","3107"
"43652","2011","3976"
"43698","2011","1137"
"43992","2011","1587"
"76969","2011","9889"
"44140","2011","4211"
"44177","2011","3774"
"44202","2011","3264"
"44257","2011","2034"
"44300","2011","5086"
"76996","2011","4706"
"44391","2011","3974"
"44462","2011","2398"
"44934","2011","2481"
"45361","2011","2307"
"48842","2011","4063"
"50399","2011","1546"
"75203","2011","31045"
"75221","2011","4682"
"76807","2011","3506"
"77579","2011","2321"
"75258","2011","6520"
"75098","2011","231204"
"75114","2011","3455"
"75338","2011","2853"
"75356","2011","3617"
"75472","2011","6148"
"74411","2011","2340"
"75542","2011","2042"
"127064","2011","3686"
"27383","2011","4686"
"75613","2011","2252"
"75668","2011","2244"
"75686","2011","1762"
"75711","2011","3876"
"76558","2011","2899"
"75864","2011","3077"
"75917","2011","2163"
"76139","2011","2087"
"75953","2011","7197"
"76004","2011","2048"
"76040","2011","5013"
"76111","2011","2267"
"76157","2011","6206"
"76175","2011","4781"
"76255","2011","5169"
"76282","2011","2976"
"76585","2011","4274"
"76601","2011","8091"
"76317","2011","4659"
"108918","2011","1618"
"76353","2011","3570"
"76406","2011","5558"
"76674","2011","8753"
"76692","2011","11450"
"76718","2011","4535"
"76763","2011","2163"
"77028","2011","2163"
"45673","2011","2745"
"77126","2011","2428"
"77224","2011","4608"
"77260","2011","1321"
"77288","2011","1809"
"77313","2011","4780"
"77475","2011","3947"
"77509","2011","1931"
"77536","2011","1929"
"77561","2011","1474"
"159730","2011","7666"
"159614","2011","66644"
"159767","2011","3541"
"159687","2011","4955"
"160724","2011","2292"
"161525","2011","1165"
"159883","2011","925"
"159945","2011","2354"
"160323","2011","1387"
"161552","2011","1656"
"160047","2011","557"
"160476","2011","1393"
"160127","2011","3453"
"113849","2011","1932"
"160387","2011","3312"
"113894","2011","1860"
"74509","2011","2759"
"160172","2011","2086"
"155109","2011","1265"
"155118","2011","1684"
"160430","2011","5056"
"51305","2011","1733"
"160261","2011","1218"
"167311","2011","1610"
"160528","2011","1238"
"161561","2011","1439"
"160564","2011","2037"
"160617","2011","5258"
"160680","2011","4201"
"160877","2011","2638"
"160779","2011","829"
"160831","2011","2310"
"161053","2011","2119"
"74616","2011","1821"
"74554","2011","3085"
"160911","2011","3164"
"161286","2011","1047"
"160993","2011","2466"
"161035","2011","4090"
"43812","2011","2747"
"74867","2011","1304"
"161133","2011","502"
"161151","2011","1528"
"161231","2011","794"
"153204","2011","2670"
"161482","2011","3069"
"161302","2011","4235"
"161543","2011","2170"
"161464","2011","3144"
"177842","2011","4379"
"177879","2011","1935"
"174922","2011","9440"
"175590","2011","3005"
"176212","2011","3885"
"176613","2011","4403"
"176748","2011","2916"
"94081","2011","1787"
"176855","2011","1960"
"177986","2011","3780"
"178894","2011","3048"
"129040","2011","2607"
"178607","2011","4956"
"178821","2011","5976"
"178929","2011","1777"
"178938","2011","3010"
"178956","2011","1769"
"44560","2011","2877"
"60570","2011","6436"
"42842","2011","3044"
"42968","2011","2723"
"43019","2011","3036"
"43073","2011","3448"
"73068","2011","3578"
"43411","2011","6332"
"44060","2011","3364"
"44435","2011","3656"
"44532","2011","3049"
"49046","2011","3628"
"61808","2011","1515"
"61826","2011","1923"
"61871","2011","3033"
"60598","2011","5268"
"94651","2011","2513"
"61121","2011","4480"
"61210","2011","3137"
"61256","2011","3124"
"62397","2011","4933"
"62440","2011","4419"
"62486","2011","2523"
"63318","2011","2091"
"63326","2011","1025"
"60419","2011","254693"
"60455","2011","8621"
"60482","2011","33434"
"60507","2011","31554"
"125542","2011","14770"
"60534","2011","6845"
"60632","2011","6120"
"60721","2011","6471"
"61559","2011","2785"
"70502","2011","6703"
"60776","2011","16129"
"70637","2011","5318"
"60801","2011","8850"
"60847","2011","36008"
"61452","2011","1724"
"60883","2011","2150"
"60945","2011","3250"
"70673","2011","1654"
"61005","2011","2805"
"70726","2011","2011"
"61069","2011","5017"
"61372","2011","4516"
"127019","2011","4614"
"61283","2011","3186"
"61318","2011","8346"
"61513","2011","5431"
"61675","2011","2311"
"127126","2011","2361"
"61737","2011","2853"
"61951","2011","1929"
"62137","2011","2130"
"62020","2011","2381"
"62761","2011","4956"
"62057","2011","3027"
"62707","2011","3201"
"62253","2011","3038"
"70897","2011","4186"
"127144","2011","2837"
"62191","2011","9739"
"63189","2011","1618"
"62280","2011","4763"
"62360","2011","9634"
"62538","2011","4951"
"62609","2011","1459"
"62672","2011","3088"
"62798","2011","3551"
"62823","2011","1233"
"63125","2011","11452"
"62985","2011","1569"
"62878","2011","2037"
"62903","2011","1959"
"62949","2011","1308"
"63072","2011","5148"
"127251","2011","3505"
"63152","2011","8121"
"63161","2011","517"
"104582","2011","3372"
"63170","2011","610"
"63198","2011","2607"
"63278","2011","1083"
"63294","2011","1903"
"63300","2011","3360"
"63334","2011","1554"
"93487","2011","8112"
"93600","2011","2513"
"93628","2011","2255"
"93735","2011","3263"
"93815","2011","4075"
"92836","2011","7080"
"93236","2011","1868"
"93281","2011","3836"
"93325","2011","1691"
"92569","2011","57118"
"92587","2011","9098"
"7810","2011","2157"
"29092","2011","6646"
"92658","2011","43061"
"92701","2011","27122"
"92765","2011","10289"
"93995","2011","2920"
"82733","2011","3012"
"92961","2011","7321"
"113493","2011","2787"
"92989","2011","4471"
"93021","2011","2263"
"93156","2011","2326"
"93539","2011","2724"
"179677","2011","1406"
"94223","2011","4902"
"93575","2011","5244"
"94045","2011","2664"
"94312","2011","5805"
"94376","2011","3175"
"103194","2011","2430"
"93646","2011","1509"
"94161","2011","3515"
"94429","2011","3819"
"94492","2011","1714"
"94535","2011","1993"
"94562","2011","3174"
"94580","2011","2166"
"94688","2011","1835"
"94795","2011","2152"
"159650","2011","8071"
"111006","2011","3274"
"159785","2011","4583"
"160644","2011","3858"
"159847","2011","1487"
"159963","2011","2889"
"160092","2011","2104"
"161106","2011","1857"
"51010","2011","21932"
"160225","2011","1941"
"180000","2011","1766"
"161179","2011","5715"
"111097","2011","2314"
"161259","2011","1625"
"130785","2011","10011"
"161348","2011","1523"
"110875","2011","2851"
"161384","2011","4535"
"179702","2011","3130"
"179819","2011","2764"
"179980","2011","1480"
"10006","2011","1818"
"111863","2011","3515"
"50790","2011","65509"
"71457","2011","3503"
"50889","2011","7010"
"51243","2011","2393"
"50969","2011","14297"
"50987","2011","652"
"51662","2011","86"
"51118","2011","10225"
"71812","2011","1541"
"51207","2011","9260"
"51332","2011","2577"
"51387","2011","1125"
"52115","2011","1859"
"51699","2011","1959"
"51500","2011","3601"
"51546","2011","1390"
"51573","2011","2736"
"51626","2011","1096"
"51751","2011","2840"
"105419","2011","4961"
"51804","2011","3071"
"52062","2011","1087"
"51877","2011","2589"
"52696","2011","1879"
"127983","2011","5113"
"51948","2011","1511"
"51984","2011","1315"
"52035","2011","622"
"52160","2011","3143"
"52650","2011","1676"
"52721","2011","1371"
"52758","2011","1181"
"132011","2011","2105"
"52785","2011","1877"
"52954","2011","772"
"52856","2011","1652"
"52936","2011","1733"
"52990","2011","1856"
"53023","2011","2224"
"53069","2011","1030"
"53103","2011","1601"
"53130","2011","2503"
"53167","2011","2572"
"87246","2011","1200"
"133562","2011","2894"
"53210","2011","1148"
"53247","2011","2579"
"53675","2011","1882"
"53274","2011","3867"
"53425","2011","2353"
"134755","2011","2304"
"128524","2011","2946"
"53327","2011","848"
"53372","2011","3088"
"53577","2011","2570"
"135896","2011","4412"
"53639","2011","1529"
"53728","2011","1756"
"179285","2011","13229"
"53755","2011","1446"
"179310","2011","8688"
"128472","2011","3232"
"53791","2011","1546"
"54056","2011","2962"
"54305","2011","1908"
"54412","2011","3262"
"54270","2011","3803"
"54350","2011","1647"
"54485","2011","703"
"54500","2011","1302"
"54699","2011","951"
"54537","2011","1520"
"54573","2011","1014"
"77812","2011","78553"
"54617","2011","3729"
"77910","2011","7262"
"78016","2011","4934"
"78089","2011","2213"
"80427","2011","2044"
"79656","2011","1604"
"80677","2011","1870"
"79736","2011","2125"
"80123","2011","3882"
"80365","2011","1881"
"111220","2011","636"
"110740","2011","1501"
"111275","2011","5252"
"81095","2011","4779"
"86687","2011","56647"
"81576","2011","5242"
"111417","2011","1335"
"81987","2011","1676"
"82136","2011","2297"
"82396","2011","2392"
"179873","2011","1975"
"111818","2011","648"
"30149","2011","5000"
"30229","2011","2720"
"111587","2011","1531"
"82430","2011","6862"
"86749","2011","666"
"30871","2011","1851"
"30416","2011","1554"
"86810","2011","55384"
"87175","2011","22906"
"134050","2011","5693"
"86883","2011","1927"
"86936","2011","2283"
"87219","2011","4225"
"88216","2011","124"
"87059","2011","21986"
"87139","2011","8618"
"87424","2011","10541"
"87576","2011","9340"
"87638","2011","17255"
"83428","2011","1617"
"87665","2011","11894"
"155797","2011","2725"
"87996","2011","2640"
"88047","2011","1784"
"88644","2011","3021"
"88261","2011","3035"
"88449","2011","2072"
"89026","2011","292"
"90663","2011","1920"
"146370","2011","8770"
"134194","2011","3854"
"89151","2011","470"
"89240","2011","3034"
"89348","2011","1570"
"89856","2011","3594"
"89428","2011","3273"
"155403","2011","6504"
"110946","2011","2233"
"89561","2011","5049"
"89801","2011","2183"
"147036","2011","3550"
"90262","2011","935"
"140244","2011","1538"
"134853","2011","2233"
"90066","2011","395"
"90431","2011","1175"
"90119","2011","894"
"90725","2011","1318"
"51449","2011","2795"
"90342","2011","2062"
"90538","2011","4019"
"91688","2011","1709"
"90878","2011","3099"
"91731","2011","890"
"90994","2011","2546"
"91054","2011","1195"
"155458","2011","5963"
"91116","2011","2330"
"91232","2011","3150"
"155591","2011","2520"
"91330","2011","3279"
"91535","2011","705"
"91624","2011","1869"
"91982","2011","2835"
"110027","2011","936"
"109924","2011","5202"
"112995","2011","2420"
"111550","2011","2424"
"110456","2011","1106"
"112370","2011","2122"
"155243","2011","303708"
"155314","2011","8122"
"155350","2011","37321"
"155840","2011","3007"
"155957","2011","1604"
"156035","2011","446"
"156106","2011","2350"
"156311","2011","2133"
"156151","2011","652"
"156357","2011","5028"
"156473","2011","3422"
"156534","2011","1511"
"156623","2011","2953"
"159446","2011","1886"
"156927","2011","1697"
"157004","2011","1676"
"157031","2011","2948"
"157086","2011","5449"
"157273","2011","1203"
"157317","2011","2925"
"157497","2011","3586"
"157362","2011","2881"
"157834","2011","5810"
"157898","2011","2760"
"158699","2011","5695"
"157923","2011","1453"
"158065","2011","4807"
"158136","2011","1099"
"158243","2011","3047"
"125098","2011","2135"
"39942","2011","1852"
"25825","2011","4836"
"100683","2011","14053"
"107546","2011","3171"
"9627","2011","7185"
"9654","2011","6651"
"74705","2011","1314"
"74907","2011","2331"
"92783","2011","1273"
"159437","2011","2129"
"158779","2011","2923"
"74359","2011","1575"
"106782","2011","4862"
"153623","2011","2446"
"151763","2011","2468"
"159516","2011","1511"
"74135","2011","1012"
"113625","2011","3038"
"113698","2011","1328"
"124206","2011","9618"
"125472","2011","28673"
"158895","2011","2061"
"159035","2011","2603"
"125490","2011","1767"
"159142","2011","2362"
"76638","2011","1774"
"126406","2011","3519"
"126718","2011","3711"
"129095","2011","2358"
"130384","2011","1268"
"169583","2011","1521"
"159375","2011","1736"
"159491","2011","1525"
"173132","2011","1237"
"159525","2011","1441"
"129763","2011","2684"
"9690","2011","5831"
"46484","2011","4609"
"130026","2011","1918"
"132342","2011","3194"
"51056","2011","11349"
"93067","2011","3206"
"126585","2011","3789"
"52570","2011","1622"
"126647","2011","3050"
"126825","2011","1516"
"126978","2011","3855"
"127368","2011","4663"
"30915","2011","11113"
"30988","2011","2985"
"127386","2011","3380"
"31011","2011","4264"
"172279","2011","1655"
"130062","2011","2119"
"52909","2011","1248"
"9743","2011","2503"
"9798","2011","3084"
"10195","2011","3103"
"9832","2011","1494"
"35731","2011","100899"
"130320","2011","1471"
"130339","2011","1634"
"120496","2011","1592"
"9887","2011","1069"
"133919","2011","1200"
"135146","2011","1908"
"9930","2011","3022"
"10239","2011","1154"
"31128","2011","2534"
"130357","2011","1558"
"51840","2011","1000"
"10293","2011","3367"
"10373","2011","2667"
"151834","2011","4026"
"79157","2011","3480"
"53513","2011","2585"
"153972","2011","1314"
"154184","2011","3060"
"154736","2011","1825"
"151870","2011","24222"
"152350","2011","3362"
"152467","2011","2203"
"10417","2011","1311"
"10514","2011","2463"
"152724","2011","1281"
"82779","2011","2660"
"10532","2011","2728"
"80249","2011","2509"
"80846","2011","5051"
"135226","2011","1231"
"31422","2011","2433"
"11307","2011","669"
"11664","2011","1517"
"12037","2011","3449"
"81184","2011","3664"
"159473","2011","3011"
"65413","2011","4510"
"132841","2011","1054"
"130348","2011","1428"
"137185","2011","3526"
"151521","2011","2084"
"147660","2011","2711"
"179944","2011","1225"
"143021","2011","2187"
"136553","2011","3027"
"138501","2011","1572"
"179150","2011","304523"
"86311","2011","1572"
"117113","2011","3725"
"18242","2011","3490"
"13187","2011","9911"
"16454","2011","3178"
"40465","2011","7067"
"179917","2011","1532"
"145792","2011","2455"
"172340","2011","2822"
"47578","2011","2020"
"104270","2011","2662"
"105259","2011","4412"
"135681","2011","959"
"124634","2011","6196"
"167286","2011","1659"
"75515","2011","4680"
"61620","2011","11658"
"63286","2011","2750"
"180046","2011","2594"
"156669","2011","2870"
"157424","2011","3468"
"53853","2011","2195"
"54109","2011","1873"
"81264","2011","6136"
"81656","2011","1731"
"112904","2011","768"
"112959","2011","849"
"113153","2011","1035"
"113233","2011","1952"
"113395","2011","2592"
"113466","2011","1323"
"113929","2011","1705"
"113974","2011","1662"
"114060","2011","1739"
"114079","2011","1551"
"82617","2011","7017"
"82895","2011","11740"
"152948","2011","2898"
"155092","2011","1342"
"69964","2011","4005"
"128588","2011","4207"
"70110","2011","6656"
"72007","2011","11861"
"94731","2011","1808"
"64639","2011","4353"
"72098","2011","2392"
"72150","2011","2109"
"72640","2011","2689"
"72463","2011","3003"
"72506","2011","2004"
"72579","2011","2284"
"73852","2011","1360"
"73996","2011","6516"
"74028","2011","2231"
"74581","2011","5360"
"74842","2011","1741"
"126380","2011","2437"
"74750","2011","2811"
"74915","2011","1909"
"74923","2011","1427"
"74949","2011","2364"
"125622","2011","10033"
"125659","2011","1994"
"125962","2011","4786"
"127493","2011","4089"
"127536","2011","1629"
"127714","2011","1230"
"127750","2011","2855"
"151683","2011","22268"
"151736","2011","5127"
"152252","2011","2822"
"153026","2011","2856"
"153106","2011","2530"
"153507","2011","7274"
"153543","2011","6196"
"40198","2011","227961"
"40214","2011","4539"
"40688","2011","4114"
"40303","2011","4433"
"40367","2011","14081"
"40438","2011","26907"
"40526","2011","2989"
"40606","2011","3771"
"40900","2011","4315"
"38544","2011","2622"
"40955","2011","5685"
"41033","2011","4104"
"105623","2011","7667"
"41382","2011","2817"
"41541","2011","1936"
"42003","2011","7820"
"42058","2011","4009"
"42498","2011","1716"
"63394","2011","54312"
"63777","2011","1715"
"63866","2011","2814"
"63893","2011","2541"
"64238","2011","1519"
"64265","2011","2112"
"64345","2011","2596"
"127689","2011","3287"
"64906","2011","2185"
"65113","2011","1527"
"65869","2011","4000"
"66198","2011","8121"
"66330","2011","4555"
"67522","2011","4150"
"67595","2011","7075"
"67648","2011","5308"
"68468","2011","8496"
"68529","2011","3344"
"68627","2011","6638"
"101378","2011","3822"
"101519","2011","1533"
"101564","2011","2372"
"129380","2011","2629"
"101617","2011","3904"
"101840","2011","5312"
"101957","2011","5972"
"101984","2011","3629"
"102348","2011","5127"
"102794","2011","9028"
"103238","2011","5596"
"103309","2011","1905"
"103407","2011","3501"
"103899","2011","3794"
"105972","2011","4850"
"104047","2011","3591"
"104225","2011","2627"
"104485","2011","4751"
"104715","2011","2407"
"104788","2011","2473"
"104831","2011","7839"
"131103","2011","15558"
"132075","2011","8493"
"104975","2011","1889"
"105295","2011","2885"
"105534","2011","5702"
"131210","2011","8553"
"131336","2011","11732"
"131540","2011","9975"
"135618","2011","2114"
"135654","2011","1069"
"135789","2011","5448"
"153240","2011","2711"
"136107","2011","6100"
"136198","2011","3404"
"152083","2011","3809"
"151905","2011","11112"
"151932","2011","1552"
"151978","2011","12954"
"152172","2011","5734"
"152234","2011","3845"
"152500","2011","3112"
"153062","2011","2963"
"152270","2011","1048"
"152314","2011","1936"
"152564","2011","3353"
"152902","2011","4086"
"153295","2011","2942"
"153339","2011","3703"
"153384","2011","1604"
"153400","2011","2501"
"154709","2011","2203"
"155127","2011","2551"
"179711","2011","2769"
"179739","2011","2310"
"14673","2011","2466"
"13392","2011","13682"
"13668","2011","10058"
"13757","2011","10037"
"39220","2011","2645"
"13935","2011","3667"
"14450","2011","5006"
"159213","2011","5458"
"14940","2011","5867"
"15233","2011","3886"
"15554","2011","1147"
"15652","2011","2337"
"16613","2011","2393"
"100709","2011","764"
"16739","2011","2210"
"16757","2011","5816"
"130124","2011","2162"
"159482","2011","1321"
"16944","2011","2849"
"17496","2011","5561"
"17575","2011","2193"
"130231","2011","2443"
"17726","2011","2337"
"17824","2011","2891"
"18331","2011","3061"
"18411","2011","2921"
"18475","2011","2596"
"18581","2011","1727"
"18741","2011","4546"
"18938","2011","3237"
"19007","2011","3409"
"19114","2011","2400"
"19212","2011","1558"
"159507","2011","1918"
"68976","2011","4313"
"19560","2011","3060"
"100736","2011","4194"
"19793","2011","3943"
"20048","2011","1240"
"70094","2011","3657"
"168309","2011","1785"
"65752","2011","5708"
"66580","2011","3139"
"67675","2011","3030"
"67167","2011","3274"
"67327","2011","6623"
"68128","2011","4373"
"68887","2011","3425"
"69170","2011","2373"
"69330","2011","4004"
"73629","2011","3513"
"69900","2011","243765"
"70174","2011","4424"
"154282","2011","2590"
"131256","2011","31770"
"70414","2011","16215"
"70566","2011","1944"
"71260","2011","3577"
"71055","2011","4337"
"93717","2011","2163"
"71126","2011","3609"
"73772","2011","1803"
"65379","2011","6192"
"71340","2011","1564"
"71723","2011","1890"
"71910","2011","2272"
"72276","2011","1878"
"72409","2011","1645"
"72677","2011","3030"
"73102","2011","3758"
"73246","2011","1696"
"74732","2011","1564"
"74073","2011","2023"
"73371","2011","2409"
"74242","2011","1765"
"74875","2011","1803"
"74931","2011","1337"
"74956","2011","1236"
"80506","2011","1688"
"111916","2011","1265"
"78604","2011","3897"
"78828","2011","1659"
"79237","2011","2430"
"79497","2011","2153"
"80043","2011","2270"
"125347","2011","63524"
"66223","2011","2326"
"153473","2011","3059"
"31878","2011","2977"
"79932","2011","3307"
"125374","2011","2477"
"81816","2011","2086"
"82831","2011","2816"
"125418","2011","16840"
"82243","2011","2552"
"112771","2011","2257"
"82555","2011","4039"
"32027","2011","9688"
"65841","2011","18023"
"82314","2011","2320"
"125677","2011","1087"
"154308","2011","1593"
"112879","2011","3611"
"12055","2011","3661"
"153936","2011","2495"
"82680","2011","5222"
"172457","2011","3773"
"125757","2011","1782"
"125846","2011","2478"
"125873","2011","3243"
"154665","2011","3095"
"158449","2011","3065"
"125999","2011","3080"
"126022","2011","2662"
"126166","2011","2283"
"126326","2011","2408"
"124117","2011","8141"
"127901","2011","1230"
"126433","2011","4111"
"170612","2011","2314"
"125588","2011","2238"
"126503","2011","2131"
"126674","2011","1160"
"126772","2011","1782"
"174520","2011","925"
"127322","2011","1832"
"126102","2011","1793"
"127411","2011","1597"
"127625","2011","2473"
"17209","2011","4283"
"127858","2011","1259"
"113607","2011","928"
"128105","2011","5932"
"128221","2011","3035"
"128301","2011","1976"
"128374","2011","5534"
"128436","2011","1459"
"128659","2011","2519"
"158804","2011","1789"
"74171","2011","1082"
"128711","2011","10991"
"128962","2011","2033"
"129139","2011","3318"
"129246","2011","2884"
"129317","2011","1072"
"50923","2011","4641"
"129585","2011","2963"
"129656","2011","3524"
"129816","2011","3004"
"130286","2011","1669"
"130295","2011","1488"
"130366","2011","2005"
"151996","2011","1974"
"152528","2011","3091"
"152582","2011","2309"
"154228","2011","2485"
"153696","2011","3100"
"154068","2011","1755"
"154585","2011","3638"
"167981","2011","16681"
"168452","2011","4613"
"169547","2011","1887"
"169681","2011","3906"
"170097","2011","1766"
"170444","2011","1490"
"170952","2011","2949"
"171101","2011","1731"
"171209","2011","1426"
"171879","2011","3131"
"173793","2011","3167"
"173855","2011","2623"
"174085","2011","2554"
"174290","2011","2444"
"174502","2011","1936"
"174511","2011","1441"
"179926","2011","2224"
"36532","2011","1748"
"35839","2011","4237"
"35884","2011","3606"
"35946","2011","9523"
"36006","2011","22600"
"36060","2011","6704"
"36131","2011","6149"
"126077","2011","2087"
"36300","2011","4541"
"36373","2011","1910"
"36426","2011","2854"
"131274","2011","4654"
"36453","2011","4181"
"36649","2011","1729"
"36676","2011","2175"
"36756","2011","6460"
"12091","2011","10725"
"36809","2011","4522"
"37057","2011","3055"
"37100","2011","2736"
"37173","2011","2481"
"37217","2011","3638"
"37397","2011","3216"
"37459","2011","3428"
"167259","2011","1518"
"37547","2011","4478"
"37618","2011","2121"
"37672","2011","3371"
"37770","2011","6002"
"37850","2011","2124"
"159259","2011","2521"
"37958","2011","3224"
"38063","2011","6807"
"129745","2011","3361"
"38161","2011","2283"
"38241","2011","2206"
"38321","2011","2677"
"38376","2011","1854"
"38456","2011","2610"
"38492","2011","2734"
"38633","2011","3266"
"38731","2011","1899"
"38811","2011","3249"
"151095","2011","13053"
"39612","2011","1916"
"38848","2011","1905"
"39983","2011","1975"
"38893","2011","2637"
"159366","2011","1757"
"38982","2011","4779"
"39051","2011","3020"
"39122","2011","3851"
"39168","2011","5092"
"12126","2011","2340"
"39328","2011","5136"
"39658","2011","1922"
"39792","2011","3079"
"39417","2011","6605"
"39532","2011","2737"
"39836","2011","3962"
"159400","2011","2020"
"39694","2011","3389"
"39738","2011","4468"
"39967","2011","1840"
"106318","2011","114925"
"106461","2011","6896"
"106559","2011","35347"
"106620","2011","2194"
"106648","2011","2590"
"106684","2011","14971"
"154013","2011","3584"
"12144","2011","3671"
"106979","2011","14448"
"137764","2011","4845"
"107270","2011","4133"
"107314","2011","4374"
"107350","2011","3706"
"107403","2011","3169"
"107662","2011","3513"
"107715","2011","2401"
"150221","2011","2673"
"107975","2011","2295"
"108151","2011","3059"
"108240","2011","2532"
"150294","2011","5029"
"108400","2011","3753"
"108455","2011","2519"
"136919","2011","3612"
"129898","2011","2940"
"154139","2011","2138"
"108473","2011","9796"
"108552","2011","3043"
"137069","2011","6340"
"108598","2011","4684"
"108632","2011","3756"
"108669","2011","3088"
"108696","2011","5537"
"137229","2011","4686"
"108945","2011","2873"
"108963","2011","8770"
"137274","2011","2304"
"109005","2011","3598"
"109504","2011","4870"
"151585","2011","1616"
"136483","2011","94948"
"136599","2011","9881"
"150702","2011","1986"
"136802","2011","2575"
"136848","2011","5889"
"151512","2011","3544"
"137407","2011","5560"
"137675","2011","3760"
"137746","2011","3299"
"137960","2011","5373"
"138039","2011","6639"
"139170","2011","5307"
"129111","2011","2548"
"138084","2011","6526"
"138164","2011","3424"
"138351","2011","3754"
"138280","2011","4817"
"139009","2011","3679"
"139143","2011","3027"
"139214","2011","3587"
"146931","2011","4958"
"112600","2011","1691"
"139287","2011","2029"
"129987","2011","2460"
"139330","2011","3358"
"139394","2011","3405"
"146325","2011","4179"
"146655","2011","7721"
"146708","2011","2143"
"146799","2011","3938"
"146860","2011","6609"
"147241","2011","3273"
"147580","2011","2541"
"147633","2011","6812"
"147937","2011","5067"
"148667","2011","5572"
"148694","2011","4315"
"148872","2011","2535"
"173597","2011","1968"
"148916","2011","3010"
"148970","2011","4335"
"149101","2011","1979"
"149183","2011","2036"
"150418","2011","2659"
"149290","2011","8376"
"149833","2011","4414"
"149502","2011","1837"
"151120","2011","4858"
"149539","2011","4894"
"150043","2011","3511"
"150196","2011","3544"
"151558","2011","4239"
"150524","2011","5180"
"150980","2011","4057"
"151077","2011","5853"
"179864","2011","1503"
"151246","2011","2804"
"151344","2011","6018"
"151442","2011","3105"
"151460","2011","2793"
"151479","2011","5029"
"180028","2011","2516"
"180091","2011","3013"
"34235","2011","5496"
"100317","2011","2087"
"43732","2011","2034"
"32394","2011","70493"
"32483","2011","10403"
"32544","2011","9077"
"43787","2011","1711"
"32599","2011","9413"
"32633","2011","3740"
"33122","2011","1842"
"33202","2011","4102"
"33248","2011","7524"
"33337","2011","2239"
"33514","2011","2539"
"77595","2011","2586"
"33541","2011","4074"
"33603","2011","3058"
"33621","2011","6987"
"33729","2011","1818"
"33989","2011","5011"
"34155","2011","2367"
"34262","2011","3052"
"36499","2011","3482"
"129184","2011","3014"
"34280","2011","4216"
"34333","2011","5733"
"34360","2011","1658"
"34618","2011","3251"
"34770","2011","2219"
"34903","2011","3507"
"77601","2011","1257"
"173748","2011","3123"
"129460","2011","4430"
"129567","2011","3162"
"35054","2011","5649"
"35090","2011","5574"
"129629","2011","2236"
"35152","2011","3102"
"35429","2011","3402"
"129718","2011","1413"
"36569","2011","3985"
"36907","2011","4409"
"38679","2011","2787"
"37280","2011","9456"
"174218","2011","1548"
"37324","2011","5480"
"37734","2011","3349"
"37912","2011","4238"
"38580","2011","3097"
"39266","2011","3272"
"39391","2011","5065"
"39872","2011","7322"
"105605","2011","4793"
"39975","2011","2912"
"100326","2011","2102"
"95159","2011","11126"
"95239","2011","4237"
"95293","2011","10309"
"95060","2011","263410"
"146502","2011","16105"
"95088","2011","5337"
"95355","2011","10055"
"95391","2011","31568"
"95499","2011","5217"
"179784","2011","2385"
"9262","2011","147922"
"95612","2011","2865"
"9280","2011","2950"
"95667","2011","4071"
"95747","2011","3261"
"95792","2011","4842"
"95872","2011","9888"
"95943","2011","4030"
"96003","2011","4006"
"96058","2011","2965"
"96147","2011","3850"
"127938","2011","2292"
"96478","2011","7037"
"96637","2011","3853"
"96664","2011","1220"
"175224","2011","1268"
"96815","2011","9551"
"97063","2011","3734"
"96940","2011","4454"
"99165","2011","5087"
"97009","2011","5046"
"97090","2011","3503"
"99209","2011","3700"
"97321","2011","3062"
"97438","2011","5365"
"97465","2011","2626"
"97517","2011","2891"
"128613","2011","2920"
"97606","2011","5137"
"97679","2011","6217"
"97722","2011","5574"
"97811","2011","3705"
"97919","2011","11100"
"98051","2011","4346"
"98168","2011","3576"
"50564","2011","1576"
"98257","2011","3148"
"98300","2011","3138"
"98337","2011","3597"
"98373","2011","8735"
"98435","2011","3906"
"98505","2011","7103"
"98649","2011","3384"
"98738","2011","1869"
"136269","2011","1612"
"98774","2011","5767"
"98998","2011","7190"
"128864","2011","2021"
"99058","2011","4046"
"99101","2011","4030"
"99370","2011","5312"
"99478","2011","5319"
"106363","2011","2796"
"99600","2011","3680"
"99879","2011","3882"
"43867","2011","2512"
"99922","2011","2000"
"99968","2011","5360"
"107430","2011","1116"
"100004","2011","4102"
"100086","2011","4510"
"43929","2011","1207"
"100148","2011","3867"
"100273","2011","3280"
"107485","2011","2690"
"44355","2011","2312"
"100344","2011","1398"
"100353","2011","4590"
"148382","2011","2383"
"31057","2011","1443"
"106746","2011","27108"
"107154","2011","2278"
"107582","2011","3686"
"108017","2011","3191"
"108348","2011","9196"
"108892","2011","4856"
"121055","2011","18232"
"109096","2011","5209"
"108874","2011","3404"
"130311","2011","1506"
"121108","2011","3852"
"121652","2011","6055"
"121938","2011","3812"
"122551","2011","2868"
"9333","2011","2831"
"122908","2011","5129"
"124750","2011","2127"
"123371","2011","3514"
"123424","2011","5104"
"147054","2011","3850"
"123521","2011","8268"
"123790","2011","4344"
"123914","2011","7761"
"124661","2011","3462"
"124803","2011","3853"
"125114","2011","1807"
"124849","2011","3270"
"125178","2011","2261"
"125016","2011","7594"
"125132","2011","1382"
"137103","2011","2424"
"137130","2011","2865"
"147465","2011","2302"
"138869","2011","2543"
"139704","2011","53308"
"139740","2011","7130"
"151530","2011","1507"
"139811","2011","10137"
"140084","2011","1713"
"140146","2011","3706"
"151549","2011","2234"
"140324","2011","3180"
"140501","2011","2402"
"140583","2011","1198"
"151567","2011","1784"
"140672","2011","2803"
"140770","2011","1220"
"140823","2011","2619"
"140958","2011","1643"
"141134","2011","2409"
"120824","2011","6092"
"141232","2011","1984"
"141376","2011","3529"
"142079","2011","3100"
"141580","2011","2139"
"141786","2011","1795"
"179720","2011","1414"
"159339","2011","2412"
"10104","2011","2699"
"141884","2011","1049"
"142122","2011","2101"
"17254","2011","5705"
"142177","2011","2619"
"142373","2011","1189"
"142426","2011","2696"
"142499","2011","1045"
"142550","2011","2879"
"143067","2011","847"
"142710","2011","2589"
"10346","2011","1001"
"142774","2011","3415"
"142854","2011","1700"
"146539","2011","24619"
"67737","2011","7495"
"146263","2011","86282"
"146281","2011","5503"
"146432","2011","9203"
"146584","2011","12729"
"146744","2011","13659"
"146904","2011","6179"
"179613","2011","2357"
"147072","2011","4525"
"147134","2011","6486"
"147205","2011","1500"
"147526","2011","3672"
"147713","2011","1701"
"147358","2011","5388"
"147786","2011","6481"
"147884","2011","1788"
"148006","2011","9792"
"148097","2011","3453"
"148328","2011","2299"
"148131","2011","2817"
"10765","2011","1352"
"148202","2011","2810"
"11352","2011","2277"
"148453","2011","4790"
"148514","2011","4356"
"10051","2011","1793"
"148612","2011","5702"
"44989","2011","1567"
"149655","2011","2965"
"148729","2011","3207"
"148765","2011","3547"
"149049","2011","3183"
"149227","2011","9398"
"149316","2011","6147"
"149370","2011","3198"
"149414","2011","4229"
"149682","2011","2149"
"130375","2011","1739"
"150070","2011","3524"
"112664","2011","3072"
"149753","2011","4820"
"149780","2011","2749"
"149968","2011","6553"
"149851","2011","2036"
"149931","2011","2879"
"150310","2011","3262"
"151790","2011","42129"
"150114","2011","5006"
"150178","2011","2267"
"151816","2011","3442"
"150258","2011","4677"
"31208","2011","1248"
"150356","2011","5845"
"150445","2011","3910"
"150588","2011","7404"
"150766","2011","3922"
"150891","2011","3727"
"150935","2011","5307"
"151576","2011","2827"
"151157","2011","3309"
"42753","2011","3411"
"151451","2011","1373"
"151488","2011","2178"
"45334","2011","1108"
"151497","2011","1447"
"31333","2011","3763"
"179622","2011","2075"
"1017","2011","58681"
"4142","2011","1850"
"1071","2011","3018"
"1213","2011","22495"
"1348","2011","20026"
"1794","2011","12377"
"3761","2011","929"
"3805","2011","1445"
"2915","2011","3433"
"2988","2011","1838"
"3397","2011","879"
"3841","2011","266"
"4188","2011","1917"
"4240","2011","2725"
"4302","2011","1530"
"125141","2011","1337"
"4366","2011","4396"
"4703","2011","1103"
"4927","2011","6094"
"4981","2011","562"
"42682","2011","168389"
"5103","2011","4507"
"5167","2011","1173"
"5210","2011","2731"
"5309","2011","2359"
"5577","2011","2848"
"5700","2011","2986"
"5755","2011","1906"
"6164","2011","734"
"5826","2011","703"
"6048","2011","1588"
"6119","2011","608"
"6397","2011","531"
"6468","2011","1015"
"6547","2011","1165"
"6592","2011","1089"
"6627","2011","547"
"6930","2011","1510"
"6976","2011","1415"
"7384","2011","2669"
"137728","2011","1836"
"7348","2011","2342"
"7767","2011","2379"
"7865","2011","3940"
"42708","2011","5070"
"8096","2011","6421"
"8158","2011","4574"
"8354","2011","2864"
"8826","2011","4628"
"9026","2011","2187"
"32811","2011","3295"
"32660","2011","3050"
"32955","2011","1504"
"34173","2011","3304"
"35269","2011","3180"
"55357","2011","20677"
"138663","2011","3456"
"55384","2011","20203"
"55062","2011","2648"
"154344","2011","1778"
"112744","2011","1699"
"55106","2011","1140"
"9397","2011","10076"
"54975","2011","309136"
"55259","2011","43472"
"55473","2011","6938"
"55160","2011","3524"
"55277","2011","5270"
"55311","2011","1731"
"55598","2011","1048"
"55623","2011","1190"
"55687","2011","10072"
"55776","2011","1544"
"56265","2011","1568"
"55838","2011","10065"
"67906","2011","5437"
"55918","2011","1891"
"109265","2011","7078"
"154978","2011","1493"
"56096","2011","1534"
"56210","2011","4690"
"56354","2011","2282"
"56425","2011","1976"
"152332","2011","3746"
"56522","2011","2587"
"56568","2011","3250"
"56666","2011","4306"
"9459","2011","7577"
"56844","2011","3410"
"57314","2011","2065"
"56988","2011","2926"
"57083","2011","2292"
"179604","2011","947"
"57225","2011","1522"
"58311","2011","4110"
"152412","2011","2128"
"57449","2011","1437"
"33845","2011","1076"
"68048","2011","5353"
"53345","2011","1099"
"68280","2011","3927"
"155261","2011","7241"
"57350","2011","3914"
"57546","2011","1465"
"57582","2011","3835"
"30069","2011","2681"
"57644","2011","2447"
"57706","2011","21832"
"28497","2011","2391"
"57742","2011","4099"
"57831","2011","1575"
"57902","2011","7973"
"179846","2011","2496"
"57948","2011","2398"
"152617","2011","2709"
"58008","2011","3690"
"179855","2011","1124"
"58142","2011","4075"
"58259","2011","4152"
"107001","2011","2689"
"152662","2011","1390"
"58552","2011","3636"
"146995","2011","3044"
"58918","2011","1455"
"58623","2011","3167"
"58856","2011","1746"
"44505","2011","5589"
"29341","2011","2541"
"58721","2011","3246"
"58794","2011","1156"
"59693","2011","4127"
"58990","2011","677"
"135164","2011","5557"
"59130","2011","1351"
"1151","2011","4944"
"59327","2011","4309"
"59416","2011","2405"
"31510","2011","3200"
"59498","2011","1348"
"59586","2011","2275"
"59657","2011","1700"
"59764","2011","2208"
"108794","2011","2263"
"29573","2011","3235"
"60026","2011","864"
"60062","2011","5226"
"53700","2011","1588"
"116395","2011","1513"
"59826","2011","1909"
"59880","2011","2746"
"59942","2011","1944"
"107047","2011","1072"
"60099","2011","1486"
"119858","2011","969"
"106407","2011","5969"
"106817","2011","11324"
"107733","2011","5569"
"107868","2011","2173"
"107920","2011","3523"
"108035","2011","4290"
"77082","2011","1850"
"108106","2011","4020"
"108222","2011","3641"
"31565","2011","2645"
"108268","2011","4702"
"79585","2011","2491"
"108491","2011","2788"
"108712","2011","5689"
"109041","2011","3839"
"155528","2011","11540"
"109176","2011","7455"
"109354","2011","1983"
"109425","2011","1423"
"160305","2011","2003"
"114710","2011","14775"
"115236","2011","1550"
"115771","2011","782"
"115824","2011","2002"
"116046","2011","2621"
"119974","2011","3063"
"137504","2011","2513"
"138618","2011","2126"
"141027","2011","1315"
"5336","2011","2996"
"141447","2011","2721"
"143147","2011","1070"
"145220","2011","1903"
"144991","2011","2007"
"145738","2011","1525"
"179953","2011","1282"
"179659","2011","2402"
"179695","2011","1064"
"179837","2011","1378"
"2309","2011","1303"
"1455","2011","6942"
"3459","2011","1420"
"1936","2011","7182"
"2130","2011","2043"
"8229","2011","1322"
"2381","2011","1743"
"148293","2011","3791"
"2577","2011","1613"
"8425","2011","1637"
"3039","2011","4417"
"4008","2011","1181"
"6761","2011","2609"
"4525","2011","1694"
"4767","2011","2125"
"6271","2011","1147"
"7446","2011","1703"
"7197","2011","1634"
"11058","2011","2801"
"11174","2011","1284"
"26699","2011","9619"
"11762","2011","1215"
"12689","2011","2679"
"28193","2011","1893"
"26920","2011","2148"
"27070","2011","2763"
"27007","2011","2291"
"27212","2011","3003"
"27329","2011","3234"
"78668","2011","1321"
"27506","2011","1318"
"27560","2011","3774"
"29243","2011","2889"
"27686","2011","5088"
"27935","2011","2055"
"12224","2011","2321"
"158109","2011","4346"
"102286","2011","7552"
"112030","2011","3028"
"73905","2011","3232"
"74891","2011","1517"
"70986","2011","1515"
"32179","2011","2058"
"29813","2011","3146"
"32187","2011","3073"
"75150","2011","4760"
"61167","2011","1289"
"29902","2011","3480"
"32195","2011","1755"
"68324","2011","4273"
"68342","2011","5090"
"12288","2011","884"
"12509","2011","5681"
"31921","2011","2002"
"128178","2011","3047"
"138538","2011","1610"
"151709","2011","1510"
"153151","2011","3146"
"155546","2011","1538"
"12340","2011","3768"
"42456","2011","2379"
"12368","2011","7613"
"70316","2011","16283"
"70352","2011","16247"
"155662","2011","392"
"154497","2011","3015"
"71858","2011","5184"
"71787","2011","5176"
"179748","2011","2536"
"72604","2011","635"
"72383","2011","4172"
"12643","2011","5828"
"72819","2011","1641"
"133330","2011","6657"
"179935","2011","2702"
"154460","2011","2244"
"155083","2011","1580"
"17398","2011","2521"
"155724","2011","1500"
"135547","2011","3247"
"155911","2011","3101"
"156213","2011","4140"
"156259","2011","4042"
"12778","2011","4140"
"12812","2011","2505"
"101190","2011","11829"
"93370","2011","6349"
"130302","2011","2027"
"12849","2011","1303"
"159428","2011","2036"
"44328","2011","3762"
"158528","2011","4500"
"39959","2011","1392"
"40035","2011","1361"
"154754","2011","2814"
"154834","2011","4167"
"42824","2011","3016"
"12876","2011","4476"
"12920","2011","2484"
"155289","2011","5968"
"158564","2011","6731"
"26564","2011","183123"
"154914","2011","1880"
"155145","2011","2228"
"26582","2011","8798"
"26653","2011","4729"
"155154","2011","1506"
"152993","2011","2165"
"34397","2011","2741"
"67121","2011","3393"
"41667","2011","8114"
"26742","2011","3477"
"41925","2011","4585"
"149584","2011","1847"
"158608","2011","293"
"158653","2011","5279"
"60687","2011","12342"
"101341","2011","3967"
"13276","2011","6856"
"72882","2011","1573"
"13169","2011","148264"
"30014","2011","2781"
"65707","2011","2084"
"30274","2011","6268"
"49233","2011","1314"
"158733","2011","3012"
"158859","2011","3783"
"158966","2011","2497"
"151022","2011","6126"
"157781","2011","2192"
"67773","2011","3071"
"127171","2011","2133"
"64942","2011","4292"
"26975","2011","17042"
"151433","2011","2063"
"27169","2011","3041"
"93771","2011","3282"
"98220","2011","4740"
"27908","2011","1852"
"152760","2011","4437"
"27285","2011","3155"
"65431","2011","8345"
"77153","2011","3649"
"126905","2011","1218"
"151503","2011","2177"
"27631","2011","3891"
"27757","2011","3334"
"31789","2011","7017"
"28246","2011","2201"
"152038","2011","2957"
"103087","2011","5258"
"65921","2011","13664"
"31841","2011","2688"
"113732","2011","3126"
"152868","2011","2069"
"10649","2011","1185"
"153561","2011","3268"
"11478","2011","884"
"80980","2011","3524"
"26840","2011","6144"
"74859","2011","3396"
"33364","2011","3222"
"82047","2011","3195"
"46019","2011","3776"
"153605","2011","5675"
"28335","2011","3461"
"74224","2011","1563"
"128560","2011","2791"
"127224","2011","2804"
"153829","2011","2293"
"153865","2011","2130"
"10701","2011","1470"
"10827","2011","2838"
"157530","2011","3119"
"153124","2011","1971"
"28415","2011","2104"
"28530","2011","3055"
"70879","2011","3363"
"71199","2011","3221"
"28610","2011","2285"
"28665","2011","4132"
"11236","2011","1278"
"11398","2011","5449"
"28816","2011","2247"
"29001","2011","3682"
"11423","2011","3588"
"153277","2011","4036"
"11584","2011","11885"
"29038","2011","2555"
"29154","2011","5119"
"29467","2011","3354"
"111444","2011","3120"
"71572","2011","3279"
"35759","2011","4403"
"66438","2011","4512"
"131817","2011","11707"
"113518","2011","1331"
"11637","2011","1584"
"134336","2011","2097"
"29403","2011","3557"
"153437","2011","1255"
"107519","2011","3025"
"127288","2011","3947"
"29662","2011","2241"
"110688","2011","986"
"127563","2011","1493"
"30470","2011","2848"
"146628","2011","22145"
"108204","2011","4196"
"36202","2011","3667"
"86461","2011","2671"
"29724","2011","4214"
"111480","2011","3299"
"95471","2011","9386"
"30648","2011","2039"
"66474","2011","6738"
"66697","2011","7574"
"29519","2011","3246"
"66731","2011","5323"
"118370","2011","2368"
"120860","2011","47304"
"36952","2011","3586"
"37011","2011","3043"
"31716","2011","6675"
"30719","2011","2863"
"93851","2011","2631"
"93888","2011","6072"
"33382","2011","4495"
"30773","2011","3013"
"64390","2011","2258"
"29760","2011","1502"
"33177","2011","1506"
"64425","2011","2028"
"96334","2011","3020"
"54163","2011","1114"
"34547","2011","3093"
"54387","2011","2536"
"9574","2011","9648"
"10872","2011","3667"
"10916","2011","2173"
"10943","2011","3949"
"122285","2011","1840"
"70744","2011","4312"
"70968","2011","792"
"71518","2011","2298"
"17968","2011","3224"
"71536","2011","2264"
"72221","2011","2630"
"11539","2011","4008"
"11995","2011","3003"
"73335","2011","6758"
"11842","2011","2850"
"11940","2011","5252"
"148426","2011","7170"
"73503","2011","2637"
"12402","2011","326"
"71607","2011","5845"
"11735","2011","2027"
"12457","2011","1714"
"93931","2011","3371"
"153589","2011","2756"
"73665","2011","2383"
"65501","2011","4226"
"12572","2011","1720"
"103693","2011","2140"
"127812","2011","1723"
"11502","2011","1863"
"31609","2011","1933"
"31654","2011","3942"
"93209","2011","1994"
"32090","2011","2275"
"32153","2011","1963"
"32161","2011","2446"
"71634","2011","4498"
"89954","2011","1640"
"153776","2011","2817"
"156712","2011","4009"
"136768","2011","2451"
"71885","2011","3054"
"153909","2011","968"
"156801","2011","6571"
"66768","2011","5042"
"157193","2011","1117"
"105142","2011","2102"
"157585","2011","2135"
"157683","2011","2151"
"67292","2011","3612"
"157736","2011","1573"
"73709","2011","4467"
"27846","2011","2551"
"27971","2011","4183"
"28077","2011","1827"
"28709","2011","2411"
"28889","2011","1325"
"28941","2011","2471"
"30336","2011","3150"
"30568","2011","7022"
"30844","2011","2359"
"31262","2011","4290"
"31379","2011","1005"
"31976","2011","3898"
"32045","2011","1330"
"55446","2011","9011"
"56014","2011","1164"
"56461","2011","2197"
"57163","2011","1504"
"58204","2011","1616"
"58357","2011","2194"
"135725","2011","3504"
"58393","2011","1439"
"157969","2011","1049"
"58464","2011","1444"
"159384","2011","3048"
"58534","2011","1468"
"59041","2011","4724"
"59238","2011","1401"
"59283","2011","1441"
"59434","2011","1628"
"60169","2011","2296"
"102446","2011","2726"
"87291","2011","13909"
"87362","2011","3769"
"87745","2011","2591"
"87843","2011","840"
"88092","2011","3652"
"102473","2011","3080"
"12206","2011","2868"
"88350","2011","1193"
"88546","2011","1725"
"91937","2011","1175"
"88788","2011","1967"
"154166","2011","1119"
"88868","2011","1525"
"92097","2011","863"
"158010","2011","3994"
"88920","2011","255"
"89080","2011","869"
"89687","2011","1465"
"90208","2011","1805"
"154996","2011","2431"
"90805","2011","1323"
"91447","2011","1070"
"73736","2011","10381"
"91795","2011","3721"
"135850","2011","2410"
"74536","2011","3740"
"92177","2011","1854"
"108366","2011","1217"
"107083","2011","1406"
"107118","2011","1820"
"107190","2011","1392"
"154415","2011","1895"
"107234","2011","1113"
"136642","2011","8411"
"136526","2011","20181"
"136713","2011","2792"
"136964","2011","3147"
"137032","2011","3331"
"137292","2011","2350"
"67470","2011","4160"
"137363","2011","1573"
"137443","2011","2150"
"137611","2011","2697"
"158181","2011","2958"
"137540","2011","3751"
"137844","2011","3047"
"137899","2011","1735"
"138734","2011","2353"
"138208","2011","4205"
"138431","2011","4739"
"138770","2011","1161"
"159071","2011","2009"
"138805","2011","1342"
"139884","2011","13200"
"72926","2011","4831"
"138921","2011","4187"
"139358","2011","4637"
"139054","2011","1713"
"72953","2011","3154"
"139107","2011","2144"
"139250","2011","1450"
"139937","2011","1362"
"139982","2011","2198"
"140208","2011","2020"
"140280","2011","3671"
"99539","2011","4896"
"140379","2011","2539"
"140440","2011","1732"
"140477","2011","1091"
"140547","2011","2185"
"141946","2011","2516"
"9360","2011","2523"
"140627","2011","6471"
"140869","2011","1853"
"141081","2011","1431"
"141312","2011","2376"
"180037","2011","1877"
"136250","2011","2116"
"141535","2011","2421"
"141722","2011","3598"
"133964","2011","5220"
"142006","2011","3037"
"142239","2011","3594"
"142284","2011","3728"
"142337","2011","2375"
"142612","2011","3225"
"135128","2011","1160"
"142676","2011","1592"
"142881","2011","6007"
"102525","2011","2957"
"104387","2011","4827"
"142952","2011","2836"
"179631","2011","921"
"179882","2011","1401"
"104519","2011","3238"
"42183","2011","3163"
"10453","2011","2194"
"45753","2011","4363"
"45959","2011","2501"
"78141","2011","18142"
"46180","2011","3459"
"47916","2011","9959"
"49484","2011","3139"
"63580","2011","7319"
"63740","2011","18082"
"78454","2011","4357"
"63526","2011","9909"
"63553","2011","1004"
"63633","2011","3665"
"64005","2011","1545"
"135949","2011","10337"
"63688","2011","4562"
"63937","2011","3074"
"64130","2011","3359"
"71956","2011","6096"
"64194","2011","3956"
"100521","2011","54655"
"64318","2011","4722"
"64568","2011","1206"
"100549","2011","2320"
"64602","2011","3505"
"64773","2011","2294"
"100576","2011","21960"
"77180","2011","3978"
"65011","2011","5185"
"9495","2011","6849"
"65147","2011","951"
"65048","2011","4512"
"65099","2011","1043"
"130712","2011","7946"
"100781","2011","6247"
"100834","2011","7254"
"100969","2011","7869"
"131461","2011","3478"
"9538","2011","9078"
"101001","2011","5000"
"101145","2011","5818"
"101902","2011","4633"
"101662","2011","5788"
"101742","2011","10416"
"102071","2011","3430"
"72980","2011","1294"
"102035","2011","6450"
"102106","2011","7001"
"102160","2011","6585"
"12912","2011","1618"
"102213","2011","6108"
"102543","2011","7251"
"12938","2011","2408"
"102570","2011","8200"
"102605","2011","5123"
"131577","2011","5934"
"102909","2011","5054"
"73013","2011","1309"
"102945","2011","5449"
"136278","2011","2128"
"105874","2011","6074"
"103354","2011","1964"
"103372","2011","2567"
"103513","2011","7137"
"77331","2011","7093"
"73317","2011","4628"
"104118","2011","2476"
"104243","2011","6149"
"27436","2011","4091"
"104136","2011","7492"
"77377","2011","2395"
"28139","2011","1611"
"104546","2011","7301"
"104680","2011","4159"
"105106","2011","3007"
"105160","2011","6773"
"105348","2011","2189"
"105570","2011","5044"
"131620","2011","10064"
"28763","2011","2678"
"105936","2011","8728"
"130847","2011","5752"
"132896","2011","5062"
"130534","2011","197542"
"130552","2011","9037"
"130614","2011","6027"
"130678","2011","8320"
"130892","2011","8879"
"131069","2011","10811"
"132137","2011","1206"
"131443","2011","7509"
"135501","2011","2962"
"131835","2011","5858"
"131933","2011","5573"
"132226","2011","2577"
"132271","2011","3335"
"132486","2011","1638"
"34422","2011","1000"
"132574","2011","4595"
"132645","2011","1719"
"132716","2011","3167"
"133018","2011","4810"
"133090","2011","4370"
"179533","2011","20215"
"133429","2011","1934"
"133508","2011","5114"
"133615","2011","2255"
"133722","2011","5016"
"133795","2011","6459"
"134014","2011","4664"
"134096","2011","10143"
"134390","2011","2331"
"134443","2011","4740"
"134559","2011","5059"
"66081","2011","9355"
"134648","2011","3885"
"134942","2011","8595"
"135020","2011","5166"
"135315","2011","3699"
"135404","2011","1630"
"135431","2011","4853"
"179551","2011","38680"
"136241","2011","2760"
"136134","2011","6486"
"179347","2011","8017"
"179383","2011","11485"
"179588","2011","3048"
"179141","2011","194608"
"179169","2011","342541"
"179178","2011","261306"
"179187","2011","241585"
"179196","2011","333422"
"179221","2011","14410"
"179249","2011","13261"
"179766","2011","1680"
"179409","2011","10565"
"179463","2011","6870"
"179481","2011","12671"
"66401","2011","1845"
"179515","2011","23309"
"179775","2011","2754"
"3958","2011","2798"
"22718","2011","3080"
"23975","2011","3261"
"86479","2011","2002"
"32884","2011","2307"
"32704","2011","2744"
"32768","2011","1851"
"33015","2011","3081"
"33275","2011","2161"
"70520","2011","2505"
"33435","2011","5505"
"33658","2011","2564"
"33765","2011","2279"
"33881","2011","1299"
"33952","2011","1386"
"34075","2011","3025"
"34477","2011","1423"
"34645","2011","2790"
"34690","2011","3627"
"83847","2011","2432"
"34850","2011","2652"
"35312","2011","1935"
"34985","2011","5242"
"40394","2011","5011"
"40704","2011","2305"
"83197","2011","3292"
"40768","2011","2399"
"41248","2011","2119"
"86495","2011","1587"
"41701","2011","3179"
"56773","2011","1964"
"56327","2011","1237"
"63447","2011","8567"
"159464","2011","2805"
"83491","2011","2573"
"73460","2011","1853"
"111989","2011","1938"
"63802","2011","4307"
"77402","2011","6504"
"64041","2011","4618"
"66857","2011","8085"
"83133","2011","33265"
"160458","2011","1333"
"53489","2011","1674"
"64504","2011","1082"
"83151","2011","1908"
"64871","2011","4053"
"64997","2011","1628"
"65121","2011","1774"
"86501","2011","1958"
"83525","2011","9491"
"65139","2011","1824"
"86487","2011","1780"
"83320","2011","37980"
"83375","2011","1822"
"83464","2011","5864"
"86519","2011","2047"
"83561","2011","17705"
"66955","2011","1636"
"83785","2011","2480"
"83632","2011","13282"
"83749","2011","6820"
"84460","2011","2476"
"83936","2011","2649"
"83963","2011","2026"
"84264","2011","3902"
"83981","2011","4751"
"84086","2011","4334"
"84102","2011","2688"
"84148","2011","1503"
"84175","2011","6005"
"84237","2011","2291"
"84344","2011","5480"
"84380","2011","1025"
"84415","2011","3633"
"85877","2011","1820"
"84558","2011","5475"
"84594","2011","3395"
"84629","2011","3383"
"84656","2011","5265"
"84754","2011","3202"
"117275","2011","1638"
"12242","2011","4231"
"84825","2011","4421"
"84923","2011","2800"
"85056","2011","1330"
"85074","2011","2632"
"85127","2011","3437"
"85243","2011","1257"
"120502","2011","1260"
"85680","2011","2502"
"85341","2011","6218"
"85412","2011","6171"
"85467","2011","1220"
"85528","2011","3772"
"85582","2011","2567"
"85626","2011","2711"
"85760","2011","6048"
"85788","2011","2308"
"85840","2011","3429"
"85920","2011","5064"
"85984","2011","3732"
"86453","2011","2553"
"86133","2011","3276"
"86188","2011","2117"
"86222","2011","1161"
"86339","2011","1921"
"86366","2011","5580"
"86438","2011","2190"
"86446","2011","2089"
"114355","2011","5592"
"114382","2011","7275"
"114417","2011","9006"
"114453","2011","5616"
"116224","2011","554"
"114319","2011","127849"
"114514","2011","26370"
"118637","2011","960"
"73567","2011","4767"
"114603","2011","5123"
"114809","2011","31657"
"115307","2011","3680"
"114854","2011","10234"
"116652","2011","5697"
"114925","2011","20685"
"114970","2011","4658"
"116288","2011","4276"
"115076","2011","5008"
"115147","2011","3197"
"115575","2011","2385"
"112076","2011","2829"
"115183","2011","2811"
"32201","2011","2044"
"115389","2011","6214"
"115520","2011","3865"
"115600","2011","742"
"115637","2011","4698"
"113206","2011","1415"
"115708","2011","2251"
"115851","2011","2412"
"117925","2011","3186"
"115897","2011","3941"
"115959","2011","5799"
"116126","2011","1621"
"116340","2011","883"
"116171","2011","1378"
"116439","2011","1784"
"116493","2011","4710"
"116545","2011","4020"
"116590","2011","3797"
"119803","2011","1586"
"116723","2011","1623"
"116796","2011","4595"
"116867","2011","3055"
"116938","2011","3511"
"116983","2011","2947"
"117042","2011","3157"
"70940","2011","3478"
"117177","2011","5459"
"158314","2011","7782"
"117319","2011","5988"
"71698","2011","4046"
"117783","2011","2045"
"117426","2011","5055"
"117505","2011","1266"
"117827","2011","8373"
"68431","2011","3660"
"117550","2011","4306"
"117667","2011","2104"
"117998","2011","2610"
"118094","2011","1270"
"72533","2011","2768"
"118209","2011","4372"
"158396","2011","2168"
"159393","2011","1542"
"118058","2011","1992"
"118469","2011","2398"
"118281","2011","5359"
"118511","2011","1336"
"73923","2011","2307"
"118575","2011","2308"
"118691","2011","5999"
"118753","2011","1907"
"118799","2011","2912"
"118824","2011","2095"
"29948","2011","2842"
"118931","2011","2053"
"74883","2011","1717"
"119206","2011","1911"
"118995","2011","3666"
"126148","2011","3170"
"119153","2011","2125"
"119590","2011","2807"
"119242","2011","6833"
"119331","2011","5055"
"119723","2011","2200"
"119386","2011","2343"
"119466","2011","4099"
"119527","2011","3044"
"119625","2011","1430"
"119661","2011","2202"
"119750","2011","1978"
"119894","2011","6622"
"120076","2011","1909"
"120218","2011","1586"
"15901","2011","5246"
"120138","2011","1961"
"120174","2011","895"
"120254","2011","3529"
"120316","2011","1721"
"120343","2011","1152"
"120370","2011","3157"
"120478","2011","1765"
"120487","2011","2728"
"120511","2011","1189"
"129282","2011","1753"
"159419","2011","1983"
"120968","2011","6298"
"122025","2011","2127"
"121297","2011","4136"
"121340","2011","4064"
"122249","2011","2750"
"122864","2011","2199"
"122953","2011","3619"
"124563","2011","2225"
"143619","2011","44169"
"159455","2011","2479"
"143646","2011","2779"
"143771","2011","5201"
"143806","2011","6990"
"144116","2011","3565"
"143995","2011","1395"
"152127","2011","2440"
"144152","2011","3638"
"13301","2011","30644"
"144198","2011","2519"
"144303","2011","2227"
"144349","2011","3108"
"13365","2011","5091"
"152797","2011","1769"
"144376","2011","1387"
"144553","2011","2752"
"15493","2011","2252"
"144615","2011","2078"
"144651","2011","2692"
"14851","2011","3928"
"144731","2011","3248"
"145104","2011","3258"
"16285","2011","3049"
"145961","2011","1825"
"146012","2011","1886"
"179686","2011","2655"
"19338","2011","4808"
"13490","2011","30025"
"13524","2011","4004"
"15830","2011","3719"
"13622","2011","26133"
"14726","2011","1184"
"138574","2011","3099"
"13819","2011","5308"
"13891","2011","1561"
"14753","2011","1805"
"13999","2011","3236"
"14049","2011","2360"
"14085","2011","2745"
"14922","2011","2809"
"14165","2011","5618"
"14272","2011","4045"
"14352","2011","1915"
"155494","2011","10048"
"14405","2011","3284"
"14584","2011","4565"
"15402","2011","3018"
"15448","2011","2090"
"15108","2011","10294"
"76745","2011","3243"
"15313","2011","2240"
"15741","2011","5187"
"15983","2011","2080"
"16132","2011","2054"
"154380","2011","2177"
"16329","2011","939"
"16365","2011","3410"
"16427","2011","1756"
"16472","2011","2561"
"16506","2011","1939"
"16551","2011","3019"
"16659","2011","2127"
"17101","2011","4312"
"16908","2011","4588"
"17334","2011","1601"
"17049","2011","4660"
"17423","2011","2063"
"17913","2011","1108"
"17619","2011","3797"
"112129","2011","1385"
"17771","2011","1409"
"17851","2011","5610"
"105455","2011","2536"
"18527","2011","5673"
"18670","2011","4586"
"18554","2011","2178"
"18778","2011","4770"
"18858","2011","4304"
"19249","2011","3368"
"19141","2011","2527"
"133866","2011","606"
"19392","2011","2102"
"19631","2011","2721"
"19695","2011","2478"
"19999","2011","3050"
"20055","2011","2852"
"20063","2011","2894"
"72034","2011","4582"
"40241","2011","19836"
"40278","2011","28330"
"67014","2011","7040"
"40492","2011","21681"
"40544","2011","1790"
"40633","2011","4846"
"42472","2011","1247"
"40820","2011","1540"
"40857","2011","2556"
"40928","2011","4468"
"40991","2011","839"
"42480","2011","1147"
"41113","2011","2034"
"41177","2011","4852"
"179891","2011","3443"
"67256","2011","4750"
"41284","2011","2127"
"41346","2011","1681"
"65609","2011","7428"
"41417","2011","2629"
"112245","2011","2501"
"41471","2011","4621"
"41578","2011","1779"
"41621","2011","3199"
"41738","2011","3006"
"42464","2011","1505"
"41818","2011","2733"
"65645","2011","2030"
"41854","2011","3202"
"41943","2011","1692"
"42076","2011","878"
"42101","2011","2126"
"65477","2011","7028"
"42156","2011","1865"
"42236","2011","1917"
"67407","2011","8690"
"42307","2011","2503"
"42398","2011","4440"
"42449","2011","1653"
"65342","2011","73964"
"66009","2011","4013"
"66526","2011","2857"
"67835","2011","5011"
"67942","2011","2452"
"68002","2011","5004"
"78873","2011","3082"
"68182","2011","5066"
"68404","2011","3116"
"68565","2011","1843"
"68716","2011","4185"
"132805","2011","4472"
"68921","2011","5113"
"69303","2011","2719"
"69526","2011","6081"
"69615","2011","3025"
"129503","2011","961"
"178901","2011","2642"
"134899","2011","2016"
"143682","2011","8300"
"143888","2011","1504"
"144232","2011","1953"
"179793","2011","1057"
"143959","2011","2408"
"144893","2011","999"
"144964","2011","1166"
"144410","2011","689"
"144456","2011","1386"
"143922","2011","1327"
"144508","2011","884"
"144535","2011","1214"
"145140","2011","2678"
"72052","2011","3000"
"145293","2011","2954"
"168675","2011","2688"
"179800","2011","1822"
"168755","2011","1265"
"169404","2011","1987"
"4482","2011","2012"
"170220","2011","2435"
"171469","2011","1240"
"78472","2011","2568"
"112263","2011","1290"
"171628","2011","3355"
"154521","2011","1884"
"112334","2011","1299"
"172153","2011","2246"
"63045","2011","1708"
"172812","2011","948"
"179640","2011","5013"
"179908","2011","2498"
"1696","2011","20119"
"78542","2011","1857"
"1874","2011","24165"
"4106","2011","1615"
"4268","2011","938"
"6217","2011","3028"
"7044","2011","2107"
"177101","2011","1796"
"7099","2011","5600"
"7945","2011","2313"
"8014","2011","2660"
"9019","2011","1074"
"78258","2011","5368"
"78329","2011","7897"
"177655","2011","6447"
"78926","2011","2113"
"79362","2011","2093"
"80766","2011","2719"
"79308","2011","8795"
"81861","2011","4747"
"79406","2011","3366"
"80711","2011","2252"
"179757","2011","2286"
"155760","2011","2651"
"79834","2011","5178"
"80613","2011","2069"
"80908","2011","1985"
"81380","2011","2830"
"179132","2011","1677985"
