"1017","Municipiul Alba Iulia",103650000
"1213","Municipiul Aiud",142520000
"1348","Municipiul Blaj",98930000
"1874","Municipiul Sebeș",115450000
"1151","Oraș Abrud",32000000
"2915","Oraș Baia de Arieș",79670000
"1455","Oraș Câmpeni",86770000
"1696","Oraș Cugir",345770000
"1794","Oraș Ocna Mureș",68340000
"8096","Oraș Teiuș",44560000
"1936","Oraș Zlatna",254260000
"2130","Albac",53890000
"2309","Almașu Mare",93300000
"2381","Arieșeni",33220000
"2577","Avram Iancu",97190000
"2988","Berghin",75170000
"3039","Bistra",118380000
"3397","Blandiana",78430000
"9026","Bucerdea Grânoasă",41000000
"3459","Bucium",85700000
"4106","Câlnic",45440000
"3761","Cenade",44310000
"3805","Cergău",48220000
"3841","Ceru-Băcăinți",49000000
"3958","Cetatea de Baltă",64410000
"1071","Ciugud",43910000
"4008","Ciuruleasa",55850000
"4188","Crăciunelu de Jos",25500000
"4142","Cricău",51030000
"9019","Cut",29350000
"4240","Daia Română",42430000
"4268","Doștat",40150000
"4302","Fărău",81540000
"4366","Galda de Jos",101690000
"4482","Gârbova",58940000
"4525","Gârda de Sus",82700000
"4703","Hopârta",61480000
"4767","Horea",60410000
"4927","Ighiu",128490000
"4981","Întregalde",82860000
"5103","Jidvei",105130000
"5167","Livezile",65860000
"5210","Lopadea Nouă",93570000
"5309","Lunca Mureșului",31350000
"5336","Lupșa",102560000
"5577","Meteș",142240000
"5700","Mihalț",65060000
"5755","Mirăslău",66590000
"5826","Mogoș",81330000
"6048","Noșlac",48350000
"6119","Ocoliș",85790000
"6164","Ohaba",40520000
"6217","Pianu",115000000
"6271","Poiana Vadului",69050000
"6397","Ponor",62160000
"6468","Poșaga",136280000
"6547","Rădești",29760000
"6627","Râmeț",79440000
"6592","Râmetea",57370000
"6930","Roșia de Secaș",52300000
"6761","Roșia Montană",41610000
"6976","Sălciua",75260000
"7044","Săliștea",60110000
"7348","Sâncel",51350000
"7384","Sântimbru",43940000
"7099","Săsciori",121360000
"7197","Scărișoara",94410000
"7810","Șibot",41720000
"7446","Sohodol",65050000
"7865","Șona",105660000
"7945","Şpring",90810000
"7767","Stremț",68570000
"8014","Șugag",253110000
"8158","Unirea",99990000
"8229","Vadu Moților",32140000
"8354","Valea Lungă",75070000
"8425","Vidra",60520000
"8826","Vințu de Jos",85270000
"9262","Municipiul Arad",252850000
"9459","Oraș Chișineu-Criș",117290000
"9495","Oraș Curtici",72650000
"9538","Oraș Ineu",116620000
"9574","Oraș Lipova",134000000
"9627","Oraș Nădlac",133150000
"9654","Oraș Pâncota",66960000
"11584","Oraș Pecica",237170000
"12091","Oraș Sântana",107140000
"9690","Oraș Sebiș",65770000
"9743","Almaș",81270000
"9798","Apateu",89050000
"9832","Archiș",68070000
"10051","Bârsa",51740000
"10104","Bârzava",256430000
"9887","Bata",80340000
"9930","Beliu",92720000
"10006","Birchis",102420000
"10195","Bocsig",74790000
"10239","Brazii",119660000
"10293","Buteni",96670000
"10346","Cărand",38130000
"10373","Cermei",121870000
"10417","Chisindia",129280000
"10453","Conop",189870000
"10514","Covăsinț",37540000
"10532","Craiva",114900000
"10649","Dezna",83320000
"10701","Dieci",84690000
"12912","Dorobanți",28180000
"9280","Fântânele",41840000
"10827","Felnac",49600000
"12920","Frumușeni",43150000
"10872","Ghioroc",48900000
"10916","Grăniceri",79000000
"10943","Gurahonț",168520000
"11174","Hălmăgel",76830000
"11058","Hălmagiu",84030000
"11236","Hășmaș",88440000
"11307","Ignești",51920000
"11352","Iratoșu",46330000
"9333","Livada",20130000
"11398","Macea",72640000
"11423","Mișca",108280000
"11478","Moneasa",68240000
"11502","Olari",49910000
"11539","Păuliș",128060000
"11637","Peregu Mare",32890000
"11664","Petriș",130590000
"11735","Pilu",71770000
"11762","Pleșcuța",78900000
"12144","Șagu",102660000
"11842","Săvârșin",208040000
"11940","Secusigiu",139710000
"12206","Șeitin",66040000
"11995","Seleuș",61020000
"12037","Semlac",83110000
"12224","Șepreuș",57680000
"12242","Șicula",131300000
"12288","Șilindia",69220000
"12340","Șimand",100490000
"12055","Sintea Mare",113480000
"12368","Șiria",136730000
"12402","Șiștarovăț",127050000
"12126","Socodor",118820000
"9360","Șofronea",34900000
"12509","Târnova",207440000
"12457","Tauț",206060000
"10765","Ususau",136290000
"12572","Vărădia de Mureș",117800000
"12689","Vârfurile",151800000
"12643","Vinga",128010000
"9397","Vladimirescu",122300000
"12778","Zăbrani",117780000
"12938","Zădăreni",25140000
"12812","Zărand",70660000
"12849","Zerind",61750000
"12876","Zimandu Nou",74300000
"13169","Municipiul Pitești",40730000
"13490","Municipiul Câmpulung",35590000
"13622","Municipiul Curtea de Arges",69520000
"13668","Oraș Costești",108640000
"13301","Oraș Mioveni",50970000
"13392","Oraș Ștefănești",56650000
"13757","Oraș Topoloveni",33030000
"13819","Albeștii de Argeș",43430000
"13891","Albeștii de Muscel",122970000
"13935","Albota",58490000
"13999","Aninoasa",57570000
"14049","Arefu",420250000
"14085","Băbana",39320000
"14165","Băiculești",76480000
"14272","Bălilești",59930000
"14450","Bârla",105630000
"13187","Bascov",40960000
"14352","Beleți-Negrești",48100000
"14405","Berevoești",101780000
"14584","Bogați",70460000
"14673","Boteni",24060000
"14726","Boțești",35770000
"13276","Bradu",40310000
"14753","Brăduleț",48520000
"14851","Budeasa",42280000
"14922","Bughea de Jos",24100000
"20063","Bughea de Sus",33160000
"14940","Buzoești",160270000
"15064","Căldăraru",60110000
"15108","Călinești",108160000
"15233","Căteasca",80060000
"15313","Cepari",38620000
"15402","Cetățeni",34000000
"15448","Cicănești",28960000
"15493","Ciofrângeni",43350000
"15554","Ciomăgești",37680000
"15652","Cocu",58980000
"15741","Corbeni",61840000
"15830","Corbi",56520000
"15901","Coșești",64390000
"15983","Cotmeana",73720000
"16132","Cuca",49580000
"16329","Dâmbovicioara",63070000
"16365","Dârmănești",34150000
"16285","Davidești",41810000
"16427","Dobrești",39110000
"16454","Domnești",19840000
"16506","Drăganu",35230000
"16472","Dragoslavele",111450000
"16551","Godeni",31630000
"16613","Hârsești",51640000
"16659","Hârtiești",48820000
"16739","Izvoru",61180000
"16757","Leordeni",63010000
"16908","Lerești",142190000
"16944","Lunca Corbului",103580000
"17049","Mălureni",107040000
"13365","Mărăcineni",21550000
"17101","Merișani",63700000
"17209","Micești",43220000
"17254","Mihăești",64330000
"17334","Mioarele",33100000
"17398","Miroși",48110000
"17423","Morărești",48000000
"17496","Moșoaia",44320000
"17575","Mozăceni",70540000
"17619","Mușătești",98920000
"17726","Negrași",75250000
"17771","Nucșoara",437090000
"17824","Oarja",38570000
"17851","Pietroșani",49890000
"18028","Poiana Lacului",58510000
"17913","Poienarii de Argeș",21250000
"17968","Poienarii de Muscel",38600000
"18162","Popești",51670000
"18242","Priboieni",23020000
"20048","Raca",42600000
"18331","Rătești",79000000
"18411","Recea",63380000
"18475","Rociu",78510000
"18527","Rucăr",283620000
"18554","Sălătrucu",137870000
"18581","Săpata",47270000
"18670","Schitu Golești",25790000
"18741","Slobozia",62010000
"18778","Stâlpeni",36260000
"19114","Ștefan cel Mare",34290000
"18858","Stoenești",109210000
"18938","Stolnici",73620000
"19141","Șuici",34280000
"19007","Suseni",51100000
"19212","Teiu",44660000
"19249","Tigveni",49340000
"19338","Țițești",23500000
"19392","Uda",79360000
"19560","Ungheni",74790000
"19631","Valea Danului",31360000
"19695","Valea Iașului",20300000
"13524","Valea Mare Pravăț",60400000
"19793","Vedea",68440000
"19999","Vlădești",38940000
"20055","Vulturești",48080000
"20297","Municipiul Bacău",43190000
"20876","Municipiul Moinești",45830000
"20563","Municipiul Onești",52480000
"20778","Oraș Buhuși",39860000
"20821","Oraș Comănești",63870000
"22166","Oraș Dărmănești",270430000
"20910","Oraș Slănic Moldova",114130000
"20965","Oraș Târgu Ocna",48900000
"21007","Agăș",210400000
"21098","Ardeoani",27510000
"21123","Asău",307450000
"21196","Balcani",112980000
"21454","Bârsănești",70380000
"21249","Berești-Bistrița",37680000
"21338","Berești-Tazlău",66230000
"21418","Berzunți",56560000
"21506","Blăgești ",96320000
"21560","Bogdănești",32040000
"21597","Brusturoasa",109900000
"26338","Buciumi",28960000
"21668","Buhoci",50500000
"21757","Căiuți",134830000
"21720","Cașin",36880000
"21855","Cleja",54710000
"21891","Colonești",44680000
"21971","Corbasca",62620000
"22059","Coțofănești",66230000
"22111","Dămienești",39330000
"22237","Dealu Morii",70470000
"22380","Dofteana",173970000
"22460","Faraoani",38920000
"22488","Filipeni",73680000
"22576","Filipești",69080000
"22665","Găiceana",73560000
"22781","Gârleni",35940000
"22718","Ghimeș-Făget",164430000
"26346","Gioseni",28950000
"22834","Glăvănești",67210000
"20607","Gura Văii",68080000
"22898","Helegiu",80690000
"20313","Hemeiuș",27910000
"22941","Horgești",59670000
"23047","Huruiești",55230000
"26379","Itești",30000000
"23127","Izvoru Berheciului",57130000
"20359","Letea Veche",42500000
"23207","Lipova",54170000
"23289","Livezi",57930000
"23350","Luizi-Călugăra",31630000
"23387","Măgirești",33210000
"20411","Măgura",24070000
"23449","Mănăstirea Cașin",243270000
"20466","Mărgineni",83510000
"23494","Motoșeni",104520000
"23644","Negri",39180000
"23715","Nicolae Bălcescu",54630000
"26353","Odobesti",43840000
"23797","Oituz",202930000
"23868","Oncești",47470000
"23948","Orbeni",57370000
"23975","Palanca",93010000
"24187","Pâncești",70370000
"24034","Parava",45720000
"24276","Pârgărești",21240000
"24089","Parincea",65080000
"24338","Pârjol ",54250000
"24427","Plopana",57730000
"24524","Podu Turcului",89470000
"24631","Poduri",72730000
"26361","Prajesti",19840000
"24766","Răcăciuni ",81780000
"24837","Răchitoasa",117230000
"24711","Racova",33960000
"24999","Roșiori",45750000
"25148","Sănduleni",44680000
"26320","Sărata",24800000
"25068","Sascut",107840000
"25228","Săucești",52260000
"25291","Scorțeni",44520000
"25362","Secuieni",50130000
"25488","Solonț",52100000
"25521","Stănișești",81080000
"20670","Ștefan cel Mare",70070000
"25629","Strugari",59030000
"25692","Tamași",46800000
"25825","Târgu Trotuș",32100000
"25745","Tătărăști",55260000
"25861","Traian",35960000
"25932","Ungureni",86380000
"26029","Urechești",61410000
"26083","Valea Seacă",47960000
"26118","Vultureni",72810000
"26289","Zemeș",107140000
"26564","Municipiul Oradea",115560000
"26804","Municipiul Beiuș",24460000
"26877","Municipiul Marghita",83730000
"26975","Municipiul Salonta",170040000
"26699","Oraș Aleșd",71950000
"26920","Oraș Nucet",41110000
"30915","Oraș Săcueni",151400000
"26840","Oraș Ștei",6570000
"32027","Oraș Valea Lui Mihai",73450000
"27007","Oraș Vașcău",65040000
"27070","Abram",67670000
"27169","Abrămuț",45670000
"26742","Aștileu",58820000
"27212","Aușeu",72580000
"27285","Avram Iancu",82170000
"27329","Balc",79080000
"27383","Batăr",126490000
"27436","Biharia",63370000
"27506","Boianu Mare",41330000
"27560","Borod",105620000
"27631","Borș",43410000
"27686","Bratca",136480000
"27757","Brusturi",103430000
"27846","Budureasa",346460000
"27908","Buduslău",43820000
"27935","Bulz",99390000
"27971","Buntești",73860000
"28077","Căbești",71180000
"28709","Câmpani",44490000
"28139","Căpâlna",54890000
"28193","Cărpinet",69190000
"28246","Cefa",76420000
"28335","Ceica",81830000
"28415","Cetariu",65340000
"28497","Cherechiu",53850000
"28530","Chișlaz",72050000
"28610","Ciuhoi",58310000
"28665","Ciumeghiu",110280000
"28763","Cociuba Mare",74380000
"28816","Copăcel",74760000
"28889","Criștioru de Jos",101710000
"28941","Curățele",91100000
"29001","Curtuișeni",69370000
"29038","Derna",49210000
"29092","Diosig",89440000
"29154","Dobrești",134390000
"29243","Drăgănești",36670000
"29341","Drăgești ",52680000
"29403","Finiș",104710000
"32195","Gepiu",43850000
"29467","Girișu de Criș",45620000
"29519","Hidișelu de Sus",89970000
"29573","Holod",66070000
"29662","Husasău de Tinca",115990000
"29724","Ineu",49510000
"29813","Lăzăreni",80050000
"29760","Lazuri de Beiuș",58920000
"29902","Lugașu de Jos",54200000
"29948","Lunca",69610000
"30014","Mădăras ",92750000
"30069","Măgești",51300000
"30149","Nojorid",125570000
"30229","Olcea",86090000
"30274","Oșorhei",64920000
"32161","Paleu",47860000
"30336","Pietroasa",205350000
"30416","Pocola",24350000
"30470","Pomezeu",55100000
"30568","Popești",108760000
"30648","Răbăgani",35400000
"30719","Remetea",66700000
"30773","Rieni",67110000
"30844","Roșia",72520000
"32187","Rosiori",50310000
"30871","Săcădat",45980000
"30988","Sălacea",64230000
"31011","Sălard",71460000
"31057","Sâmbăta",29950000
"26582","Sânmartin",61750000
"32179","Sannicolau Roman",75090000
"26653","Sântandrei",28010000
"31128","Sârbi",62670000
"31333","Șimian",91740000
"31379","Șinteu",49330000
"31422","Șoimi",102010000
"31208","Spinuș",30260000
"31510","Șuncuiuș",72040000
"31262","Suplacu de Barcău",44470000
"32153","Tămășeu",45890000
"31609","Tărcaia",76700000
"31565","Tarcea",64400000
"31654","Tăuteu",69760000
"31878","Țețchea",51140000
"31716","Tileagd",64960000
"31789","Tinca",141990000
"32201","Toboliu",42330000
"31841","Tulca",58620000
"31921","Uileacu de Beiuș",43820000
"31976","Vadu Crișului",74700000
"32090","Vârciorog",80810000
"32045","Viișoara",43070000
"32394","Municipiul Bistrița",145470000
"32483","Oraș Beclean",59570000
"32544","Oraș Năsăud",43250000
"32599","Oraș Sângeorz-Băi",146820000
"32633","Bistrița Bârgăului",186400000
"32660","Braniștea",41640000
"32704","Budacu de Jos",60580000
"32768","Budești",53150000
"32811","Căianu Mic",74060000
"32884","Cetate",66630000
"33015","Chiochis",91130000
"33122","Chiuza",44210000
"179953","Ciceu - Mihaiești",34980000
"32955","Ciceu-Giurgești",53010000
"33177","Coșbuc",91960000
"33202","Dumitra",88990000
"179686","Dumitrița",102960000
"33248","Feldru",119750000
"33275","Galații Bistriței",71260000
"33337","Ilva Mare",83280000
"33364","Ilva Mică",52500000
"33382","Josenii Bârgăului",55580000
"33435","Lechința",133260000
"33514","Leșu",90100000
"33541","Livezile",109410000
"33603","Lunca Ilvei",91210000
"33729","Măgura Ilvei",27700000
"33621","Maieru",129040000
"33765","Mărișelu",77540000
"33658","Matei",86020000
"33845","Miceștii de Câmpie",42730000
"33881","Milaș",49370000
"33952","Monor",52980000
"179659","Negrilești",60660000
"33989","Nimigea",98360000
"34075","Nușeni",92040000
"34155","Parva",70650000
"34173","Petru Rareș",30080000
"179720","Poiana  Ilvei",19840000
"34235","Prundu Bârgăului",47500000
"34262","Rebra",45810000
"34280","Rebrișoara",136870000
"34333","Rodna",224150000
"34360","Romuli",102290000
"179944","Runcu Salvei",25610000
"34397","Salva",29350000
"34477","Sânmihaiu de Câmpie",64250000
"34618","Șanț",209040000
"34645","Șieu",71980000
"34690","Șieu-Măgheruș",59890000
"34770","Șieu-Odorhei",51160000
"34850","Șieuț",62640000
"34422","Silivașu de Câmpie",30620000
"34903","Șintereag",70820000
"34547","Spermezeu",69640000
"35152","Târlișua ",160830000
"34985","Teaca",140800000
"35054","Telciu",291420000
"35090","Tiha Bârgăului",198780000
"35269","Uriu",48300000
"35312","Urmeniș",59280000
"35429","Zagra",126000000
"35731","Municipiul Botoșani",41360000
"36006","Municipiul Dorohoi",60390000
"36453","Oraș Bucecea",46850000
"35946","Oraș Darabani",99850000
"37280","Oraș Flămânzi",108710000
"36060","Oraș Săveni",58660000
"39168","Oraș Ștefănești",96580000
"40035","Adășeni",34370000
"36131","Albești",96350000
"36202","Avrămeni",74230000
"36300","Bălușeni",70390000
"39983","Blândesti",45850000
"36373","Brăești",52370000
"36426","Broscăuți",39530000
"36499","Călărași",58520000
"39967","Cândesti",42350000
"36532","Concești",25960000
"36569","Copălău",46210000
"36649","Cordăreni",41540000
"36676","Corlăteni",50560000
"36756","Corni",71160000
"39975","Coșula",54550000
"36809","Coțușca",121850000
"36907","Cristești",78070000
"36952","Cristinești",63750000
"35759","Curtești",57830000
"37057","Dângeni",83350000
"37011","Dersca",38570000
"39959","Dimacheni",37800000
"37100","Dobârceni",58480000
"37173","Drăgușeni",58930000
"37217","Durnești",75020000
"37324","Frumușica",84930000
"37397","George Enescu",59400000
"37459","Gorbănești",81620000
"37618","Hănești",60520000
"37547","Havârna",95650000
"37672","Hilișeu-Horia",59690000
"37734","Hlipiceni",69350000
"37770","Hudești",102830000
"37823","Ibanești",46600000
"37850","Leorda",41680000
"39942","Lozna",23640000
"37912","Lunca",73870000
"37958","Manoleasa",94240000
"38063","Mihai Eminescu",86540000
"38161","Mihăileni",21420000
"38241","Mihălășeni",63280000
"38321","Mileanca",59800000
"38376","Mitoc",45130000
"38456","Nicșeni",45390000
"38492","Păltiniș",75070000
"38544","Pomârla",53820000
"38580","Prăjeni",35100000
"35839","Răchiți",71560000
"38633","Rădăuți-Prut",79860000
"38679","Răuseni",50990000
"38731","Ripiceni",55130000
"38811","Roma",47360000
"38848","Românești",39340000
"38893","Santa Mare",63160000
"39122","Șendriceni",63430000
"35884","Stăuceni",43640000
"39220","Știubieni",48000000
"38982","Suharău",106050000
"39051","Sulița",65610000
"39266","Todireni",53150000
"39328","Trușești",100730000
"39391","Tudora",74040000
"39417","Ungureni",136750000
"39532","Unțeni",64230000
"39612","Văculești",60510000
"39694","Vârfu Câmpului",72840000
"39658","Viișoara",47760000
"39738","Vlădeni",61530000
"39792","Vlăsinești",67620000
"39836","Vorniceni",60000000
"39872","Vorona",82840000
"40198","Municipiul Brașov",267320000
"40241","Municipiul Codlea",122620000
"40278","Municipiul Făgăraș",39050000
"40438","Municipiul Săcele",262750000
"40214","Oraș Ghimbav",28300000
"40303","Oraș Predeal",57150000
"40367","Oraș Râșnov",164360000
"40394","Oraș Rupea",75190000
"40465","Oraș Victoria",6470000
"40492","Oraș Zărnești",204750000
"40526","Apața",54290000
"42498","Augustin",12820000
"40544","Beclean",72380000
"40606","Bod",33560000
"40633","Bran",67850000
"40688","Budila",59570000
"40704","Bunești",142990000
"40768","Cața",118120000
"40820","Cincu",117190000
"40857","Comana",97260000
"40900","Cristian",27730000
"42456","Crizbav",53130000
"42480","Drăgus",36250000
"40928","Dumbrăvița",99100000
"40955","Feldioara",75970000
"40991","Fundata",36810000
"41033","Hălchiu",54430000
"41088","Hărman",52790000
"41113","Hârseni",148070000
"41177","Hoghiz",174160000
"42472","Holbav",20940000
"41248","Homorod",119610000
"41284","Jibert",165820000
"41346","Lisa",87210000
"41382","Măieruș",65070000
"41417","Mândra",87300000
"41471","Moieciu",94910000
"41541","Ormeniș",35140000
"41578","Părău",111620000
"41621","Poiana Mărului",61590000
"41667","Prejmer",60430000
"41701","Racoș",77780000
"41738","Recea",159440000
"42464","Sambata de Sus",40920000
"41925","Sânpetru",34820000
"41818","Șercaia",91210000
"41854","Șinca",184300000
"42449","Șinca Nouă",85000000
"41943","Șoarș",167900000
"42003","Tărlungeni",139500000
"42058","Teliu",53060000
"42076","Ticușu",69540000
"42101","Ucea",103510000
"42156","Ungra",67380000
"42183","Vama Buzăului",156630000
"42236","Viștea",98020000
"42307","Voila",108610000
"42398","Vulcan",53400000
"42682","Municipiul Brăila",43920000
"42753","Oraș Făurei",18640000
"43331","Oraș Ianca",186140000
"43411","Oraș Însurăței",213030000
"42824","Bărăganul",72830000
"42842","Berteștii de Jos",135090000
"42913","Bordei Verde",86520000
"44560","Cazasu",26880000
"42708","Chișcani",103380000
"42968","Ciocile",77150000
"43019","Cireșu",107920000
"43073","Dudești",117430000
"43117","Frecăței",430100000
"43180","Galbenu",83230000
"43242","Gemenele",48880000
"43279","Gradiștea",64160000
"43313","Gropeni",100770000
"43466","Jirlău",53420000
"43493","Mărașu",371000000
"43563","Măxineni",133630000
"43625","Mircea Voda",108490000
"43652","Movila Miresii",82100000
"43698","Racovița",48710000
"43732","Râmnicelu",78390000
"43787","Romanu",70920000
"43812","Roșiori",73300000
"43867","Salcia Tudor",106980000
"43929","Scorțaru Nou",98870000
"43992","Siliștea",116480000
"44060","Stăncuța",258090000
"44113","Surdila-Găiseanca",60340000
"42771","Surdila-Greci",89550000
"44140","Șuțești",67300000
"44177","Tichilești",41890000
"44202","Traian",164300000
"44257","Tudor Vladimirescu",78520000
"44300","Tufești",72160000
"44328","Ulmu",101610000
"44355","Unirea",67990000
"44391","Vădeni",159080000
"44435","Victoria",75160000
"44462","Vișani",77100000
"44505","Viziru",105640000
"44532","Zăvoaia",88670000
"44818","Municipiul Buzău",81280000
"44845","Municipiul Râmnicu Sărat",52860000
"47916","Oraș Nehoiu",112750000
"48325","Oraș Patârlagele",80450000
"48744","Oraș Pogoanele",123680000
"44863","Amaru",67680000
"44989","Bălăceanu",31520000
"44934","Balta Albă",85000000
"45003","Beceni",76650000
"45101","Berca",73290000
"45245","Bisoca",72680000
"45334","Blăjani",22800000
"45361","Boldu",71460000
"45389","Bozioru",36780000
"45496","Brădeanu",75460000
"45539","Braesti",46700000
"45619","Breaza",50030000
"45673","Buda",44060000
"45815","C.A. Rosetti",111410000
"45753","Calvini",59190000
"45888","Cănești",31020000
"45959","Cătina",37960000
"46019","Cernătești",50550000
"46108","Chiliile",35660000
"46180","Chiojdu",128410000
"46251","Cilibia",49410000
"46313","Cislău",61200000
"46377","Cochirleanca",78030000
"46439","Colți",34920000
"46484","Costești",57100000
"46554","Cozieni",55610000
"50564","Florica",42130000
"46769","Gălbinași",77100000
"46803","Gherăseni",51410000
"46830","Ghergheasa",55590000
"46867","Glodeanu Sărat",59020000
"46910","Glodeanu-Siliștea",98190000
"47006","Grebănu",57370000
"47079","Gura Teghii",466190000
"47159","Largu",41950000
"47186","Lopătari",103320000
"47300","Luciu",86740000
"47337","Măgura",26720000
"47630","Mânzălești",94700000
"47373","Mărăcineni",29490000
"47417","Mărgăritești",23000000
"47453","Merei",98910000
"47578","Mihăilești",28440000
"47774","Movila Banului",67320000
"47818","Murgești",29420000
"47854","Năeni",44130000
"48021","Odăile",35930000
"48138","Padina",189010000
"48227","Pănătău",50630000
"48165","Pardoși",22650000
"48557","Pârscov",58100000
"48487","Pietroasele",55880000
"48682","Podgoria",51600000
"48771","Poșta Câlnău",81140000
"48842","Puiești",100170000
"48922","Racovițeni",33010000
"48968","Râmnicelu",48540000
"49019","Robeasca",26200000
"49046","Rușețu",101830000
"49073","Săgeata",102180000
"49153","Săhăteni",70440000
"49206","Săpoca",25780000
"49233","Sărulești",33650000
"49313","Scorțoasa",95880000
"49439","Scutelnici",67710000
"49484","Siriu",223510000
"49545","Smeeni",104580000
"49625","Stâlpu",45790000
"49849","Țintești",71970000
"49643","Tisău",98890000
"49769","Topliceni",67270000
"49894","Ulmeni",36540000
"50549","Unguriu",16270000
"49956","Vadu Pașii",83200000
"50399","Vâlcelele",47700000
"50022","Valea Râmnicului",56230000
"50068","Valea Salciei",32300000
"50102","Vernești",93990000
"50228","Vintilă Vodă",67000000
"50326","Viperești",66260000
"50415","Zărnești",78100000
"50479","Ziduri",85880000
"50790","Municipiul Reșița",197650000
"51010","Municipiul Caransebeș",70080000
"50889","Oraș Anina",145530000
"50923","Oraș Băile Herculane",105480000
"50969","Oraș Bocșa",122020000
"51056","Oraș Moldova Nouă",145840000
"51118","Oraș Oravița",162640000
"51207","Oraș Oțelu Roșu",63820000
"51243","Armeniș",143370000
"51305","Bănia",205920000
"51332","Băuțar",189640000
"51387","Berliște",61020000
"51449","Berzasca",280630000
"51500","Berzovia",128270000
"51546","Bolvașnița",88850000
"51573","Bozovici",195790000
"51626","Brebu",74550000
"51662","Brebu Nou",34530000
"51699","Buchin",82850000
"51751","Bucoșnița",97550000
"51804","Carașova",141450000
"51840","Cărbunari",55360000
"51948","Ciclova Română ",113270000
"51984","Ciuchici",62400000
"52035","Ciudanovița",53330000
"51877","Constantin Daicoviciu",130150000
"52062","Copăcele",51580000
"52115","Cornea",46200000
"52160","Cornereva",261040000
"53489","Coronini",25940000
"52570","Dalboșeț",86270000
"52650","Doclin",105530000
"52696","Dognecea",75660000
"52721","Domașnea",54020000
"53700","Eftimie Murgu",98700000
"52758","Ezeriș",75160000
"52785","Fârliug",130470000
"52856","Forotic",97790000
"52909","Gârnic",37110000
"52936","Glimboca",42420000
"52954","Goruia",62160000
"52990","Grădinari",58160000
"53023","Iablanița",115570000
"53069","Lăpușnicel",74290000
"53103","Lăpușnicu Mare",123660000
"53130","Luncavița",51590000
"53167","Lupac",66570000
"53210","Marga",54360000
"53247","Măureni",102810000
"53274","Mehadia",174080000
"53327","Mehadica",118030000
"53345","Naidăș",62310000
"53372","Obreja",126080000
"50987","Ocna de Fier",21720000
"53425","Păltiniș",100030000
"53513","Pojejena",122850000
"53577","Prigor",301370000
"53675","Răcășdia",61360000
"53639","Ramna",96660000
"53728","Rusca Montană",154680000
"53755","Sacu",41180000
"53791","Sasca Montană",128580000
"53853","Sichevița",105700000
"54056","Slatina-Timiș",150830000
"54109","Socol",75990000
"54163","Șopotu Nou",83370000
"54350","Târnova",49590000
"54270","Teregova",331210000
"54305","Ticvaniu Mare",118840000
"54387","Topleț",93960000
"54412","Turnu Ruieni",151030000
"54485","Văliug",98380000
"54500","Vărădia",82870000
"54537","Vermeș",114410000
"54573","Vrani",43500000
"54617","Zăvoi",396000000
"54699","Zorlențu Mare",66100000
"92569","Municipiul Călărași",133220000
"100610","Municipiul Oltenița",104890000
"101458","Oraș Budești",83390000
"103032","Oraș Fundulea",101450000
"93888","Oraș Lehliu Gară",82060000
"94125","Alexandru Odobescu",62640000
"101083","Belciugatele",80140000
"92961","Borcea",385820000
"101724","Căscioarele",26110000
"101804","Chirnogi",196950000
"101822","Chiselet",82670000
"93085","Ciocănești",131120000
"180055","Crivăț",23660000
"102419","Curcani",55200000
"93281","Cuza Vodă",140500000
"93325","Dichiseni",91230000
"93370","Dor Mărunt",157160000
"93441","Dorobanțu",102890000
"93487","Dragalina",180710000
"93539","Dragoș Vodă",127640000
"102838","Frăsinet",85140000
"102945","Frumușani",72920000
"103014","Fundeni",68630000
"179962","Gălbinași",18980000
"93664","Grădiștea",177390000
"103568","Gurbănesti",74720000
"103764","Ileana",138120000
"93771","Independența",58560000
"93815","Jegălia",127810000
"93851","Lehliu",56250000
"104083","Luica",37950000
"93931","Lupșanu",95090000
"104181","Mânăstirea",123540000
"100638","Mitreni",51180000
"92587","Modelu",111330000
"104323","Nana",78340000
"104341","Nicolae Bălcescu",35510000
"94223","Perișoru",213460000
"104635","Plătărești",55590000
"104751","Radovanu",58190000
"94312","Roseti",85030000
"104886","Sărulești",73860000
"105222","Sohatu",86840000
"105384","Șoldanu",42270000
"105259","Spanțov",67670000
"94562","Ștefan cel Mare",23440000
"94580","Ștefan Vodă",71520000
"105455","Tămădău Mare",41480000
"105605","Ulmeni",55340000
"94606","Ulmu",69680000
"94651","Unirea",92670000
"94731","Vâlcelele",64570000
"105712","Valea Argovei",87870000
"105829","Vasilați",63040000
"94768","Vlad Țepeș",74420000
"54975","Municipiul Cluj-Napoca",179520000
"55357","Municipiul Câmpia Turzii",23780000
"55008","Municipiul Dej",109120000
"55384","Municipiul Gherla",36280000
"55259","Municipiul Turda",91560000
"55446","Oraș Huedin",61240000
"55473","Aghireșu",105790000
"55598","Aiton",45270000
"55623","Aluniș",56530000
"55687","Apahida",106020000
"55776","Așchileu",65120000
"55838","Baciu",87510000
"55918","Băișoara",111040000
"56014","Beliș",206490000
"56096","Bobâlna",97480000
"56210","Bonțida",80380000
"56265","Borșa",61620000
"56327","Buza",29370000
"56354","Căianu",55110000
"56425","Călărași",37900000
"56461","Călățele ",74690000
"56522","Cămărașu",49040000
"56568","Căpușu Mare",112720000
"56666","Cășeiu",83280000
"57314","Câțcău",37540000
"56773","Cătina",52770000
"56844","Ceanu Mare",134560000
"56988","Chinteni",96510000
"57083","Chiuiești",112510000
"57163","Ciucea",44770000
"57225","Ciurila",72220000
"57350","Cojocna",138630000
"57449","Cornești",82980000
"55062","Cuzdrioara",23960000
"57546","Dăbâca",50250000
"57582","Feleacu",61960000
"57644","Fizeșu Gherlii",67120000
"57706","Florești",60920000
"57742","Frata",73010000
"57948","Gârbău",72150000
"57831","Geaca",68680000
"57902","Gilău",116820000
"58008","Iara",143870000
"58142","Iclod",67930000
"58204","Izvoru Crișului",41370000
"55106","Jichișu de Jos",43260000
"58259","Jucu",85130000
"58311","Luna",53280000
"58357","Măguri-Răcătău",268950000
"58393","Mănăstireni",62990000
"58464","Mărgău",211680000
"58534","Mărișel",85940000
"55160","Mica",64420000
"55277","Mihai Viteazu",47530000
"58552","Mintiu Gherlii",78520000
"58623","Mociu",73090000
"58721","Moldovenești",138990000
"60169","Negreni",65620000
"58794","Pălatca",48360000
"58856","Panticeu",90300000
"58918","Petreștii de Jos",72610000
"58990","Ploscoș",41660000
"59041","Poieni",190030000
"59130","Recea-Cristur",55890000
"59238","Rișca",65650000
"59283","Săcuieu",121140000
"59434","Sâncraiu",56830000
"55311","Săndulești",22480000
"59498","Sânmărtin",71910000
"59586","Sânpaul",93220000
"59327","Săvădisla",112650000
"59416","Sic",56370000
"59657","Suatu",52840000
"59826","Țaga",100010000
"59693","Tritenii de Jos",59460000
"59764","Tureni",74040000
"59880","Unguraș",63620000
"59942","Vad",77220000
"60026","Valea Ierii",148670000
"60062","Viișoara",61530000
"60099","Vultureni",71120000
"60419","Municipiul Constanța",124890000
"60482","Municipiul Mangalia",62240000
"60847","Municipiul Medgidia",89870000
"61069","Oraș Baneasa",109850000
"60776","Oraș Cernavoda",46690000
"60455","Oraș Eforie",7380000
"60801","Oraș Hârșova",109110000
"62360","Oraș Murfatlar",60730000
"60507","Oraș Năvodari",58440000
"62397","Oraș Negru Vodă",164900000
"60687","Oraș Ovidiu",82990000
"60534","Oraș Techirghiol",38760000
"60598","23 August",74940000
"60883","Adamclisi",135730000
"60570","Agigea",47890000
"60945","Albești",158840000
"61005","Aliman",126210000
"63198","Amzacea",130470000
"63294","Bărăganu",62350000
"61121","Castelu",61560000
"61167","Cerchezu",72670000
"61210","Chirnogeni",116060000
"61256","Ciobanu",91770000
"61283","Ciocârlia",140560000
"61318","Cobadin",188410000
"61372","Cogealac",196250000
"61452","Comana",59530000
"61513","Corbu",186200000
"63286","Costinești",20280000
"61559","Crucea",238160000
"61620","Cumpăna",50640000
"63300","Cuza Voda",49200000
"61675","Deleni",178880000
"61737","Dobromir",139720000
"63161","Dumbrăveni",52400000
"63334","Fântânele",42000000
"61808","Gârliciu",61910000
"61826","Ghindărești",17590000
"63326","Grădina",71450000
"63278","Horia",55690000
"61871","Independența",177900000
"61951","Ion Corvin",113890000
"62020","Istria",170630000
"60632","Limanu",76660000
"62057","Lipnița",180060000
"63152","Lumina",44820000
"62137","Mereni",66140000
"62253","Mihai Viteazu",206220000
"62191","Mihail Kogălniceanu",160970000
"62280","Mircea Vodă",70890000
"62440","Nicolae Bălcescu",147260000
"62486","Oltina",117670000
"62538","Ostrov",171300000
"62609","Pantelimon",134830000
"62672","Pecineaga",55700000
"62707","Peștera",194900000
"62761","Poarta Albă",68230000
"62798","Rasova",110870000
"62878","Săcele",113670000
"63318","Saligny",32470000
"62823","Saraiu",113570000
"62903","Seimeni",89320000
"62949","Siliștea",71540000
"62985","Târgușor",98090000
"63045","Topalu",79290000
"63072","Topraisar",132990000
"63189","Tortoman",99110000
"60721","Tuzla",54090000
"63125","Valu Lui Traian",63290000
"63170","Vulturu",71710000
"63394","Municipiul Sfântul Gheorghe",72920000
"63740","Municipiul Târgu Secuiesc",49250000
"63447","Oraș Baraolt",134000000
"63526","Oraș Covasna",155110000
"63580","Oraș Întorsura Buzăului",60900000
"63777","Aita Mare",65520000
"65113","Arcuș",36000000
"63633","Barcani",65740000
"63802","Bățani",222320000
"63866","Belin",70710000
"65121","Bixad",62130000
"63893","Bodoc",77620000
"63937","Boroșneu Mare",65360000
"64041","Brăduț",169730000
"64005","Brateș",33920000
"64096","Brețcu",116030000
"64130","Catalina",55100000
"64194","Cernat",114390000
"64238","Chichiș",21420000
"63553","Comandău",31350000
"65147","Dalnic",51620000
"64265","Dobârlău",53310000
"65154","Estelnic",97490000
"64318","Ghelința",106160000
"64345","Ghidfalău",68470000
"64390","Hăghig",45640000
"64425","Ilieni",54380000
"64461","Lemnia",102740000
"64504","Malnaș",39300000
"65105","Mereni",43800000
"65139","Micfalau",37220000
"64568","Moacșa",35770000
"64602","Ojdula",112570000
"64639","Ozun",84030000
"64719","Poian",60660000
"64773","Reci",54910000
"64826","Sânzieni",87260000
"63688","Sita Buzăului",132050000
"64871","Turia",147190000
"64942","Vâlcele",58320000
"64906","Valea Crișului",52730000
"65099","Valea Mare",17830000
"64997","Vârghiș",70240000
"65048","Zăbala",125790000
"65011","Zagon",290800000
"65342","Municipiul Târgoviște",46810000
"65841","Municipiul Moreni",35140000
"65609","Oraș Fieni",18310000
"65681","Oraș Găești",22970000
"65921","Oraș Pucioasa",40090000
"68627","Oraș Răcari",78940000
"66081","Oraș Titu",42510000
"65379","Aninoasa",27660000
"66198","Băleni",61070000
"66223","Bărbulețu",24660000
"66330","Bezdead",57570000
"66401","Bilciurești",34780000
"66009","Brănești",17950000
"66152","Braniștea",20130000
"101341","Brezoaele",36610000
"66438","Buciumeni",28710000
"66474","Bucșani",58090000
"101564","Butimanu",47180000
"66526","Cândești",52370000
"101840","Ciocănești",45730000
"66580","Cobia",52760000
"66697","Cojasca",25860000
"66731","Comișani",34640000
"66768","Conțești",52460000
"66857","Corbii Mari",106170000
"66955","Cornățelu",63860000
"67014","Cornești",66290000
"67121","Costeștii din Vale",27760000
"67167","Crângurile",52020000
"102286","Crevedia",52780000
"67256","Dărmănești",30090000
"67292","Dobra",49780000
"65413","Doicești",10980000
"67327","Dragodana",65770000
"67407","Dragomirești",38190000
"67470","Finta",49220000
"67522","Glodeni",30780000
"65707","Gura Foii",24220000
"67595","Gura Ocniței",44960000
"67648","Gura Șuții",34200000
"67675","Hulubești",64330000
"67737","I. L. Caragiale",61780000
"65869","Iedera",53410000
"67773","Lucieni",44380000
"67835","Ludești",85930000
"67906","Lungulețu",37460000
"67942","Malu Cu Flori",22710000
"68002","Mănești",37950000
"68048","Mătăsaru ",51140000
"68128","Mogoșani",30920000
"68182","Moroeni",287390000
"68253","Morteni",53290000
"65645","Moțăieni",11560000
"104387","Niculești",26860000
"68280","Nucet",32620000
"68324","Ocnița",41040000
"68342","Odobești",37530000
"179935","Perșinari",16240000
"65752","Petrești",71420000
"179908","Pietrari",26170000
"68404","Pietroșița",27070000
"68431","Poiana",27060000
"68468","Potlogi",51990000
"68529","Produlești",29550000
"68565","Pucheni",35180000
"179891","Raciu",25170000
"179926","Răscăeți",34720000
"179917","Râu Alb",24690000
"65431","Răzvad",41860000
"68716","Runcu",79150000
"68789","Sălcioara",59120000
"68887","Șelaru",82530000
"105142","Slobozia Moară",16710000
"65477","Șotânga",35150000
"105534","Tărtășești",60770000
"68921","Tătărani",63800000
"68976","Uliești",61460000
"65501","Ulmi",39600000
"69250","Văcărești",38210000
"69063","Valea Lungă",66720000
"69170","Valea Mare",32500000
"69303","Văleni-Dâmbovița",27890000
"69447","Vârfuri",22060000
"69330","Vișina",68300000
"69394","Vișinești",35780000
"179711","Vlădeni",28770000
"69526","Voinești",81030000
"69615","Vulcana-Băi",28150000
"179640","Vulcana-Pandele",25080000
"69900","Municipiul Craiova",81410000
"70316","Municipiul Băilești",163760000
"70352","Municipiul Calafat",137610000
"70879","Oraș Bechet",29520000
"72007","Oraș Dăbuleni",182860000
"70414","Oraș Filiași",99730000
"70502","Oraș Șegarcea",120080000
"70520","Afumați",69600000
"70566","Almăj",27360000
"70637","Amărăștii de Jos",61190000
"70673","Amărăștii de Sus",36350000
"70726","Apele Vii",59700000
"70744","Argetoaia",84170000
"70940","Bîrca",88970000
"70897","Bistret",122410000
"70968","Botoșești-Paia",29340000
"70986","Brabova",79630000
"71055","Brădești",63070000
"71126","Braloștița",40570000
"71199","Bratovoești",65620000
"71260","Breasta",45200000
"69964","Bucovăț",82640000
"71340","Bulzești",63050000
"71607","Călărași",87740000
"71457","Calopăr",91980000
"71518","Caraula",35940000
"74859","Cârcea",32700000
"74867","Cârna",84380000
"71536","Carpen",62690000
"71572","Castranova",67460000
"74842","Catane",46590000
"71634","Celaru",97480000
"71698","Cerăt",42000000
"71723","Cernătești",57240000
"71787","Cetate",86800000
"71812","Cioroiași",45320000
"71858","Ciupercenii Noi",109530000
"71885","Coșoveni",42390000
"71910","Coțofenii din Dos",45520000
"74875","Coțofenii din Fața",24170000
"71956","Daneți",105780000
"72034","Desa",76690000
"72052","Dioști",62740000
"72098","Dobrești",56350000
"74883","Dobrotești",32910000
"72150","Drăgotești",60130000
"72221","Drănic",80210000
"72276","Fărcaș",47800000
"72383","Galicea Mare",58870000
"74891","Galiciuica",25680000
"72409","Ghercești",50040000
"74907","Ghidici",43620000
"74915","Ghindeni",29340000
"72463","Gighera",129680000
"72579","Gângiova",57460000
"72506","Giubega",52610000
"72533","Giurgița",73500000
"72604","Gogoșu",43070000
"72640","Goicea",58840000
"72677","Goiești",78490000
"72819","Grecești",48270000
"74923","Întorsura",31330000
"70094","Ișalnița",32010000
"72882","Izvoare",51160000
"72926","Leu",112880000
"72953","Lipovu",40760000
"72980","Măceșu de Jos",57430000
"73013","Măceșu de Sus",36200000
"73031","Maglavit",101580000
"73068","Malu Mare",31100000
"73317","Mârșani",65280000
"73102","Melinești",89420000
"73246","Mischii",52010000
"73335","Moțăței",129090000
"73371","Murgași",99730000
"73460","Negoi",50390000
"73503","Orodel",90950000
"73567","Ostroveni",81930000
"73594","Perișor",69480000
"73629","Pielești",65600000
"73665","Piscu Vechi",58550000
"73709","Plenița",88660000
"74931","Plesoi",39620000
"70110","Podari",67940000
"73736","Poiana Mare",163940000
"73772","Predești",43510000
"73852","Radovan",49350000
"73905","Rast",82120000
"73923","Robănești",59700000
"74949","Rojiște",32850000
"73996","Sadova",111590000
"74028","Sălcuța",75560000
"74073","Scăești",39230000
"74108","Seaca de Câmp",36850000
"74135","Seaca de Pădure",57370000
"74171","Secu",29070000
"74224","Siliștea Crucii",34820000
"70174","Șimnicu de Sus",81430000
"74242","Sopot",55430000
"74956","Tălpaș",37640000
"74322","Teasc",48130000
"74359","Terpezița",66840000
"74411","Teslui",73380000
"74509","Țuglui",38700000
"74536","Unirea",47960000
"74554","Urzicuța",60720000
"74581","Valea Stanciului",110480000
"74732","Vârtop",32790000
"74750","Vârvoru de Jos",107860000
"74616","Vela",82560000
"74705","Verbița",45180000
"75098","Municipiul Galați",246020000
"75203","Municipiul Tecuci",86760000
"75338","Oraș Berești",59010000
"75472","Oraș Târgu Bujor",81230000
"75542","Bălăbănești",54960000
"75613","Bălășești",64790000
"75668","Băleni",67550000
"75686","Băneasa",72850000
"75515","Barcea",61390000
"75356","Berești-Meria",96030000
"75766","Brăhășești",43730000
"75711","Braniștea",61950000
"75819","Buciumeni",45050000
"75864","Cavadinești",110160000
"75917","Cerțești",63720000
"76004","Corni",54080000
"75953","Corod",105590000
"76040","Cosmești",45420000
"76111","Costache Negri",27640000
"76139","Cuca",44640000
"76157","Cudalbi",143410000
"77595","Cuza Voda",25560000
"75221","Drăgănești",66200000
"76175","Drăgușeni",93550000
"76255","Fârțănești",88610000
"76282","Foltești",69000000
"76317","Frumușița",108910000
"76353","Fundeni",42320000
"76406","Ghidigeni",70310000
"76497","Gohor",51970000
"76558","Grivița",39450000
"76585","Independența",68250000
"76601","Ivești",89550000
"76638","Jorăști",68250000
"76674","Liești",89120000
"76718","Măstăcani",65220000
"76692","Matca",85750000
"76745","Movileni",40050000
"75258","Munteni",97260000
"76763","Nămoloasa",69670000
"77579","Negrilesti",43800000
"76807","Nicorești",67720000
"76932","Oancea",52270000
"76969","Pechea",116140000
"76996","Piscu",61610000
"77587","Poiana",35310000
"77028","Priponești",55500000
"77561","Rădesti",39300000
"77082","Rediu",43100000
"77126","Scânteiești",50180000
"77153","Schela",44070000
"75114","Șendreni",46910000
"77180","Slobozia Conachi",61340000
"77224","Smârdan",145820000
"77260","Smulți",55630000
"77288","Suceveni",70400000
"77601","Suhurului",18170000
"77377","Țepu",34660000
"77313","Tudor Vladimirescu",54630000
"77331","Tulucești",72620000
"77402","Umbrărești",80920000
"77475","Valea Mărului",53280000
"75150","Vânatori",44920000
"77509","Vârlezi",91730000
"77536","Vlădești",61310000
"100521","Municipiul Giurgiu",46940000
"101190","Oraș Bolintin-Vale",43420000
"104136","Oraș Mihăilești",68430000
"100781","Adunații-Copăceni",78250000
"101001","Băneasa",110960000
"101163","Bolintin-Deal",27000000
"101378","Bucșani",86820000
"101519","Bulbucata",27800000
"101617","Buturugeni",44570000
"101662","Calugăreni",119370000
"101984","Clejani",86230000
"102071","Colibași",28330000
"102106","Comana",103350000
"179748","Cosoba",14380000
"102348","Crevedia Mare",63790000
"102446","Daia",63600000
"102794","Florești-Stoenești",37840000
"102909","Frătești",92030000
"103087","Găiseni",52680000
"103194","Găujani",81020000
"103238","Ghimpați",124640000
"103309","Gogoșari",120680000
"103372","Gostinari",36020000
"103354","Gostinu",51330000
"103407","Grădinari",32540000
"103470","Greaca",32700000
"179757","Herăști",28120000
"103639","Hotarele",47800000
"103693","Iepurești",54600000
"179766","Isvoarele",29370000
"103899","Izvoarele",140080000
"103997","Joița",23790000
"104047","Letca Nouă",77640000
"179739","Malu",35050000
"104225","Mârșa",70360000
"104118","Mihai Bravu",66540000
"104485","Ogrezeni",37710000
"104519","Oinacu",46910000
"104680","Prundu",176510000
"104715","Putineiu",88260000
"104788","Răsuceni",89290000
"104831","Roata de Jos",82850000
"179775","Săbăreni",22920000
"104975","Schitu",76470000
"105106","Singureni",57420000
"100549","Slobozia",96670000
"105295","Stănești",95890000
"105348","Stoenești",48130000
"154709","Toporu",91480000
"105623","Ulmi",43540000
"105776","Valea Dragului",37140000
"105972","Vânătorii Mici",58020000
"105874","Vărăști",47870000
"105909","Vedea",80870000
"77812","Municipiul Târgu Jiu",93330000
"78141","Municipiul Motru",50090000
"79308","Oraș Bumbești-Jiu",214020000
"78258","Oraș Novaci",174850000
"82895","Oraș Rovinari",26320000
"78329","Oraș Tîrgu Cărbunești",131250000
"78454","Oraș Țicleni",72290000
"82430","Oraș Tismana",307790000
"82617","Oraș Turceni",78930000
"78472","Albeni",45110000
"78542","Alimpești",35110000
"78604","Aninoasa",92460000
"78668","Arcani",26970000
"78711","Baia de Fier",120240000
"78748","Bălănești",62810000
"77910","Bălești",78860000
"79004","Bâlteni",91610000
"78828","Bărbătești",37880000
"78873","Bengești-Ciocadia",63280000
"78926","Berlești",57880000
"79077","Bolboși",42060000
"79157","Borăscu",72070000
"79237","Brănești",45810000
"79362","Bumbești-Pițic",36790000
"79406","Bustuchin",60960000
"79736","Câlnic",64260000
"79497","Căpreni",57300000
"79585","Cătunele",32420000
"79656","Ciuperceni",70070000
"79834","Crasna",209080000
"79932","Crușeț",86220000
"80043","Dănciulești",59960000
"80123","Dănești",80920000
"80249","Drăgotești",28930000
"78016","Drăguțești",61510000
"80285","Fărcășești",84060000
"80365","Glogova",42100000
"80427","Godinești",51320000
"80506","Hurezani",38390000
"80560","Ionești",43560000
"80613","Jupânești",57240000
"80677","Lelești",30180000
"80711","Licurici",61650000
"80766","Logrești",68150000
"80846","Mătăsari",46440000
"80908","Mușetești",91890000
"80980","Negomir",53510000
"81095","Padeș",389810000
"81184","Peștișani",216870000
"81264","Plopșoru",80020000
"81380","Polovragi",84950000
"81415","Prigoria",66900000
"81497","Roșia de Amaradia",41900000
"81576","Runcu",272200000
"81754","Săcelu",42070000
"81656","Samarinești",32480000
"81816","Săulești",55730000
"81987","Schela",87650000
"81861","Scoarța",85780000
"82047","Slivilești",61490000
"82136","Stănești",100080000
"82243","Stejari",74550000
"82314","Stoina",41830000
"82680","Țânțăreni",45490000
"82396","Telești",44740000
"82555","Turburea",67540000
"78089","Turcinești",30480000
"82733","Urdari",34270000
"82779","Văgiulești",48010000
"82831","Vladimir",58970000
"83320","Municipiul Miercurea Ciuc",117660000
"83561","Municipiul Gheorgheni",222020000
"83632","Municipiul Toplița",338300000
"83133","Municipiul Odorheiu Secuiesc",47790000
"83428","Oraș Băile Tușnad",1890000
"83464","Oraș Bălan",2330000
"83491","Oraș Borsec",92360000
"83525","Oraș Cristuru Secuiesc",53230000
"83749","Oraș Vlăhița",74440000
"83785","Atid",137780000
"83847","Avrămești",58420000
"83936","Bilbor",227310000
"83151","Brădești",31220000
"83963","Căpâlnița",75640000
"84102","Cârța",81150000
"86461","Ciceu",69410000
"83981","Ciucsângeorgiu",240720000
"84086","Ciumani",96830000
"84148","Corbu",140490000
"84175","Corund",113510000
"86446","Cozmeni",70500000
"84237","Dănești",62930000
"84380","Dârjiu",41960000
"84264","Dealu",96950000
"84344","Ditrău",114490000
"83197","Feliceni",76000000
"84415","Frumoasa",84060000
"84460","Gălăuțaș",29430000
"84558","Joseni",224010000
"84594","Lăzarea",80880000
"86479","Leliceni",35840000
"84629","Lueta",101660000
"84656","Lunca de Jos",131410000
"84754","Lunca de Sus",82610000
"84825","Lupeni",125190000
"86438","Mădăraș",66000000
"84923","Mărtiniș",139350000
"85056","Merești",108460000
"85074","Mihăileni",83590000
"85127","Mugeni",65600000
"85243","Ocland",61290000
"83375","Păuleni-Ciuc",49560000
"85289","Plăieșii de Jos",302520000
"86487","Porumbeni",40870000
"85341","Praid",180030000
"86495","Racu",47400000
"85412","Remetea",106000000
"85467","Săcel",74270000
"85680","Sâncrăieni",53300000
"85760","Sândominic",150500000
"85788","Sânmartin",41640000
"85840","Sânsimion",67440000
"86519","Sântimbru",52940000
"85528","Sărmaș",70120000
"86501","Satu Mare",39890000
"85582","Secuieni",40430000
"85626","Siculeni",39390000
"85984","Șimonești",118280000
"85877","Subcetate",51110000
"85920","Suseni",220920000
"86453","Tomești",67300000
"86133","Tulgheș",244470000
"86188","Tușnad",76640000
"86222","Ulieș",70630000
"86311","Vărșag",76690000
"86339","Voșlăbeni",59520000
"86366","Zetea",192330000
"86687","Municipiul Deva",60030000
"87175","Municipiul Vulcan",87310000
"87291","Municipiul Brad",79980000
"86810","Municipiul Hunedoara",97300000
"87059","Municipiul Lupeni",77730000
"87638","Municipiul Orăștie",38620000
"86990","Municipiul Petroșani",195560000
"87219","Oraș Aninoasa",33610000
"87424","Oraș Călan",101550000
"89561","Oraș Geoagiu",155690000
"87576","Oraș Hațeg",64330000
"87077","Oraș Petrila",308680000
"87665","Oraș Simeria",49750000
"87139","Oraș Uricani",251410000
"88047","Băcia",29730000
"87745","Baia de Criș",89720000
"88092","Băița",111400000
"87843","Balșa",154690000
"87246","Bănița",78160000
"87996","Baru",145710000
"88216","Bătrâna",29600000
"88261","Beriu",184790000
"88350","Blăjeni",86780000
"88449","Boșorod",126770000
"88546","Brănișca",78460000
"88644","Bretea Română",100360000
"88788","Buceș",122830000
"88868","Bucureșci",69090000
"88920","Bulzeștii de Sus",110030000
"89026","Bunila",74090000
"89080","Burjuc",65020000
"86749","Cârjiți",45160000
"89151","Cerbăl",128630000
"89240","Certeju de Sus",86950000
"87362","Crișcior",40190000
"89348","Densuș",136120000
"89428","Dobra",138160000
"91731","General Berthelot",30740000
"86883","Ghelari",46830000
"89687","Gurasada",92950000
"89801","Hărău",49860000
"89856","Ilia",91380000
"89954","Lăpugiu de Jos",104400000
"90066","Lelese",75810000
"90119","Lunca Cernii de Jos",152050000
"90208","Luncoiu de Jos",49520000
"90262","Mărtinești",60820000
"90342","Orăștioara de Sus",229300000
"90431","Pestișu Mic",51270000
"90538","Pui",228790000
"90725","Răchitova",73590000
"90663","Rapoltu Mare",80990000
"90878","Râu de Mori",386320000
"90805","Ribița",73000000
"90994","Romos",102040000
"91116","Sălașu de Sus",223030000
"91232","Sântămăria-Orlea",67800000
"91054","Sarmizegetusa",73120000
"91330","Șoimuș",68590000
"86936","Teliucu Inferior",39500000
"91447","Tomești",59420000
"91535","Toplița",50750000
"91624","Totești",22030000
"91688","Turdaș",29480000
"91937","Vălișoara",34040000
"91795","Vața de Jos",202630000
"91982","Vețel",113890000
"92097","Vorța",102860000
"92177","Zam",161880000
"92658","Municipiul Slobozia",126720000
"92701","Municipiul Fetești",101190000
"100683","Municipiul Urziceni",53570000
"92836","Oraș Amara",70340000
"93067","Oraș Căzănești",54290000
"102749","Oraș Fierbinți-Târg",57060000
"92765","Oraș Țăndărei",113250000
"100754","Adâncata",46810000
"92783","Albești",59160000
"100852","Alexeni",43580000
"92872","Andrășești",46280000
"100870","Armășești",47410000
"100923","Axintele",121840000
"92907","Balaciu",89320000
"180064","Bărbulești",15090000
"101056","Bărcănești",111170000
"179784","Boranești",32820000
"92989","Bordușani",222180000
"101243","Brazii",22370000
"93021","Bucu",43010000
"179793","Buești",25860000
"100709","Ciocârlia",15780000
"93101","Ciochina",95870000
"93156","Ciulnița",65670000
"93209","Cocora",52190000
"179971","Colelia",37440000
"93236","Cosâmbești",47500000
"102240","Coșereni",44050000
"102641","Drăgoești",47450000
"102703","Dridu",57870000
"93575","Făcăeni",240890000
"103283","Gârbovi",78410000
"93600","Gheorghe Doja",73960000
"93628","Gheorghe Lazăr",50420000
"93646","Giurgeni",128900000
"93717","Grindu",54310000
"93735","Grivița",83210000
"180046","Gura Ialomiței",68250000
"103862","Ion Roată",43410000
"103960","Jilavele",53010000
"179800","Maia",25940000
"100736","Manasia",34740000
"179980","Mărculești",43640000
"93995","Mihail Kogălniceanu",86270000
"94045","Miloșești",51800000
"179999","Moldoveni",25370000
"94081","Movila",82270000
"104270","Movilița",36210000
"94107","Munteni-Buzău",54030000
"179819","Ograda",61870000
"94161","Perieți",79450000
"180000","Platonești",41700000
"94269","Reviga",88160000
"179828","Roșiori",23830000
"94330","Sălcioara",59340000
"180019","Sărateni",31450000
"94376","Săveni",93250000
"94429","Scânteia",81550000
"94456","Sfântu Gheorghe",71630000
"105026","Sinești",68090000
"94492","Stelnica",135010000
"94535","Sudiți",58550000
"179702","Traian",46810000
"94688","Valea Ciorii",52480000
"105794","Valea Măcrișului",48600000
"94795","Vlădeni",128940000
"95060","Municipiul Iași",93910000
"95391","Municipiul Pașcani",75420000
"95355","Oraș Hârlau",35110000
"98373","Oraș Podu Iloaiei",48590000
"95471","Oraș Târgu Frumos",21070000
"95612","Alexandru I. Cuza",49500000
"95667","Andrieșeni",92490000
"95747","Aroneanu",39000000
"100273","Balș",32640000
"95792","Bălțați",45160000
"95088","Bârnova",41220000
"95872","Belcești",109560000
"95943","Bivolari",73770000
"96058","Brăești",53090000
"96110","Butea",37290000
"96147","Ceplenița",45200000
"100362","Ciohorani",14040000
"96192","Ciortești",64150000
"96254","Ciurea",47720000
"96334","Coarnele Caprei",44350000
"96370","Comarna",47060000
"100282","Costești",19240000
"96423","Costuleni",70120000
"96478","Cotnari",103530000
"96593","Cozmești",43500000
"96637","Cristești",53400000
"96664","Cucuteni",28220000
"96717","Dagâța",46010000
"96815","Deleni",151200000
"96888","Dobrovăț",93030000
"96904","Dolhești",59690000
"100308","Dragușeni",22650000
"96940","Dumești",71380000
"97009","Erbiceni",79000000
"100317","Fântânele",30800000
"97063","Focuri",62680000
"97090","Golăiești",53960000
"97189","Gorban",57450000
"97241","Grajduri",41200000
"97321","Gropnița",81720000
"97394","Grozești",27280000
"97438","Hălăucești",47510000
"100326","Hărmănești",27210000
"97465","Heleșteni",33930000
"95159","Holboca",50040000
"97517","Horlești",50870000
"95499","Ion Neculce",77030000
"97553","Ipatele",46720000
"97606","Lespezi",52690000
"97679","Lețcani",58550000
"97722","Lungani",63370000
"97777","Mădârjac",52630000
"97811","Mircești",19890000
"97875","Mironeasa",46670000
"97919","Miroslava",82570000
"98051","Miroslovești",57110000
"98113","Mogoșești",67750000
"98168","Mogoșești-Siret",38210000
"98202","Moșna",28330000
"98220","Motca",36580000
"98257","Movileni",79290000
"98300","Oțeleni",43930000
"98337","Plugari",55020000
"98435","Popești",72630000
"98505","Popricani",69620000
"98603","Prisăcani",59920000
"98649","Probota",78660000
"100335","Rachițeni",16200000
"98685","Răducăneni",87490000
"95239","Rediu",45100000
"98738","Românești",38590000
"100344","Roșcani",37990000
"98774","Ruginoasa",57830000
"98916","Scânteia",41810000
"99290","Șcheia",40570000
"98827","Schitu Duca",114540000
"98998","Scobinți",71080000
"99058","Sinești",83430000
"99370","Șipote",89680000
"99101","Sirețel",55900000
"99165","Stolniceni-Prăjescu",63470000
"99209","Strunga",71310000
"99441","Tansa",35600000
"99478","Tătăruși",65420000
"99673","Țibana",71610000
"99780","Țibănești",94070000
"99879","Țigănași",64410000
"99539","Todirești",44230000
"95293","Tomești",37110000
"99600","Trifești",56980000
"99922","Țuțora",38070000
"96003","Ungheni",46300000
"100353","Valea Lupului",10630000
"99968","Valea Seacă",35870000
"100086","Vânători",52070000
"100004","Victoria",62160000
"100148","Vlădeni",79340000
"100219","Voinești",63590000
"179221","Oraș Bragadiru",21790000
"100576","Oraș Buftea",54870000
"179285","Oraș Chitila",12540000
"179409","Oraș Măgurele",45150000
"179481","Oraș Otopeni",31540000
"179515","Oraș Pantelimon",68770000
"179533","Oraș Popești Leordeni",55810000
"179551","Oraș Voluntari",37400000
"102543","1 Decembrie",15200000
"100834","Afumați",63250000
"100969","Balotești",51220000
"101145","Berceni",27330000
"101298","Brănești",53260000
"101742","Cernica",38730000
"179249","Chiajna",16040000
"101902","Ciolpani",41550000
"101957","Ciorogârla",34470000
"102035","Clinceni",23670000
"179588","Copăceni",14460000
"102160","Corbeanca",30180000
"102213","Cornetu",15190000
"102525","Dărăști-Ilfov",15130000
"102473","Dascălu",36480000
"179310","Dobroiești",11330000
"102570","Domnești",37730000
"102605","Dragomirești-Vale",31380000
"103130","Găneasa",45640000
"179347","Glina",28870000
"103443","Grădiștea",33120000
"103513","Gruiu",65720000
"179383","Jilava",26760000
"104243","Moara Vlăsiei",63090000
"179463","Mogoșoaia",26430000
"104421","Nuci",51990000
"104546","Periș",77860000
"104582","Petrăchioaia",57460000
"105160","Snagov",90590000
"105419","Ștefăneștii de Jos",29370000
"105570","Tunari",31730000
"105936","Vidra",70180000
"106318","Municipiul Baia Mare",233470000
"106559","Municipiul Sighetu Marmației",135360000
"106684","Oraș Baia Sprie",96020000
"106746","Oraș Borșa",424120000
"106782","Oraș Cavnic",23590000
"108017","Oraș Dragomiresti",101090000
"108892","Oraș Săliștea de Sus",64770000
"108963","Oraș Seini",58910000
"109176","Oraș Șomcuța Mare",120400000
"106817","Oraș Târgu Lăpuș",247350000
"106461","Oraș Tăuții-Măgherăuș",120650000
"109265","Oraș Ulmeni",81490000
"106979","Oraș Vișeu de Sus",443060000
"107001","Ardusat",31090000
"107047","Ariniș",27130000
"107083","Asuaju de Sus",58040000
"107118","Băița de sub Codru",51290000
"107154","Băiuț",113500000
"107314","Bârsana",73140000
"107190","Băsești",53920000
"107234","Bicaz",39010000
"107270","Bistra",132290000
"107350","Bocicoiu Mare",24020000
"107403","Bogdan Vodă",33850000
"107430","Boiu Mare",59540000
"107485","Botiza",74800000
"107519","Budești",85260000
"107546","Călinești",66120000
"107715","Câmpulung la Tisa",33480000
"107582","Cernești",96040000
"107662","Cicârlău",75000000
"179837","Coas",26560000
"179846","Coltău",12950000
"107733","Copalnic-Mănăștur",117450000
"107868","Coroieni",66930000
"107920","Cupșeni",89560000
"107975","Desești",144090000
"108035","Dumbrăvița",51670000
"108106","Fărcașa",48410000
"179855","Gărdani",18610000
"108151","Giulești",82800000
"106363","Groși",23530000
"179622","Groșii Țibleșului",123400000
"108204","Ieud",75800000
"108222","Lăpuș",86550000
"108240","Leordina",29940000
"108268","Mireșu Mare",73660000
"108348","Moisei",112630000
"108366","Oarța de Jos",31320000
"108400","Ocna Șugatag",85200000
"179864","Oncești",20650000
"108455","Petrova",42050000
"108473","Poienile de Sub Munte",293360000
"179604","Poienile Izei",16070000
"106407","Recea",43880000
"108491","Remetea Chioarului",50960000
"108552","Remeți",68310000
"108598","Repedea",113700000
"108614","Rona de Jos",22730000
"108632","Rona de Sus",68300000
"108669","Rozavlea",43230000
"108696","Ruscova",40990000
"108794","Săcălășeni",28790000
"108874","Săcel",79890000
"108918","Sălsig",19460000
"108945","Săpânța",139170000
"106620","Sarasău",19520000
"108712","Satulung",68500000
"179613","Șieu",21180000
"109096","Șișești",90020000
"109005","Strâmtura",91570000
"109041","Suciu de Sus",114690000
"106648","Vadu Izei",16850000
"109354","Valea Chioarului",79080000
"109425","Vima Mică",76550000
"109504","Vișeu de Jos",56000000
"109773","Municipiul Drobeta-Turnu Severin",54710000
"110063","Municipiul Orșova",53720000
"109924","Oraș Baia de Aramă",91110000
"110116","Oraș Strehaia",108640000
"110232","Oraș Vânju Mare",93570000
"110571","Bâcleș",116800000
"110296","Bala",101110000
"110535","Bălăcița",98950000
"110456","Balta",123080000
"110688","Bâlvănești",48040000
"114060","Braniștea",32390000
"110740","Breznița-Motru",51150000
"110820","Breznița-Ocol",94610000
"110875","Broșteni",47910000
"110946","Burila Mare",123820000
"111006","Butoiești",63890000
"111097","Căzănești",84660000
"111220","Cireșu",52920000
"111275","Corcova",75320000
"111417","Corlățel",46540000
"111444","Cujmir",47830000
"111550","Dârvari",68750000
"111480","Devesel",104210000
"112904","Dubova",164430000
"111587","Dumbrava",76600000
"112245","Eșelnița",185880000
"111685","Florești",55510000
"111783","Gârla Mare",62560000
"111818","Godeanu",44870000
"111863","Gogoșu",121240000
"111916","Greci",38520000
"111989","Grozești",42950000
"112030","Gruia",72210000
"112076","Hinova",70910000
"112129","Husnicioara",74840000
"112263","Ilovăț",80160000
"112334","Ilovița",82430000
"112370","Isverna",140060000
"112469","Izvoru Bârzii",68920000
"112548","Jiana",99180000
"112600","Livezile",66490000
"112664","Malovăț",77800000
"112744","Obârșia de Câmp",31070000
"110027","Obârșia-Cloșani",51710000
"112771","Oprișor",67610000
"112806","Pădina",73330000
"112879","Pătulele",108660000
"112959","Podeni",72320000
"112995","Ponoarele",62000000
"113153","Poroina Mare",54740000
"113206","Pristol",31800000
"113233","Prunișor",122920000
"113395","Punghina",76910000
"113466","Rogova",37680000
"113493","Salcia",63140000
"109826","Șimian",65490000
"113625","Șișești",75200000
"113698","Șovarna",36660000
"113518","Stângăceaua",40240000
"113607","Svinița",91450000
"113732","Tâmna",92050000
"113849","Vânători",48560000
"113894","Vânjuleț",37330000
"113929","Vlădaia",86460000
"113974","Voloiac",47940000
"114079","Vrata",48330000
"114319","Municipiul Târgu Mureș",49300000
"114809","Municipiul Reghin",56090000
"114514","Municipiul Sighișoara",96020000
"114925","Municipiul Târnăveni",52680000
"117827","Oraș Iernut",106360000
"114710","Oraș Luduș",67250000
"118281","Oraș Miercurea Nirajului",55880000
"119331","Oraș Sângeorgiu de Pădure",71140000
"119242","Oraș Sărmașu",76130000
"114854","Oraș Sovata",162440000
"119894","Oraș Ungheni",63690000
"114970","Acățari",74200000
"115076","Adămuș",81190000
"114603","Albești",82700000
"115147","Aluniș",40530000
"115183","Apold",125410000
"115236","Ațintiș",48090000
"115575","Băgaciu",36840000
"115307","Bahnea",91650000
"115600","Băla",27740000
"115637","Bălăușeri",78120000
"115389","Band",89720000
"115520","Batoș",83670000
"115708","Beica de Jos",45580000
"120511","Bereni",40260000
"115771","Bichiș",46550000
"115824","Bogata",30520000
"115897","Brâncovenești",87620000
"115851","Breaza",41390000
"115959","Ceuașu de Câmpie",83380000
"116046","Chețani",55380000
"120478","Chibed",36600000
"116126","Chiheru de Jos",115260000
"116171","Coroisânmărtin",27390000
"120487","Corunca",17320000
"116224","Cozma",29840000
"116288","Crăciunești",48360000
"116340","Crăiești",23480000
"114355","Cristești",13350000
"116395","Cucerdea",35930000
"116439","Cuci",42100000
"116493","Daneș",114720000
"116545","Deda",77580000
"116590","Eremitu",83110000
"116652","Ernei",67780000
"116796","Fântânele",64140000
"116723","Fărăgău",39830000
"116867","Gălești",57800000
"116938","Gănești",57890000
"116983","Gheorghe Doja",37450000
"117042","Ghindari",81220000
"117113","Glodeni",54390000
"117177","Gornești",85080000
"117275","Grebenișu de Câmpie",28030000
"117319","Gurghiu",126390000
"117426","Hodac",97680000
"117505","Hodoșa",39480000
"117550","Ibănești",313150000
"117667","Iclănzel",61810000
"117783","Ideciu de Jos",42700000
"117925","Livezeni",24530000
"117998","Lunca",85200000
"118058","Lunca Bradului",310330000
"120502","Madaraș",23220000
"118094","Măgherani",58030000
"118209","Mica",63900000
"118370","Miheșu de Câmpie",53470000
"118469","Nadeș",68760000
"118511","Neaua",40040000
"118575","Ogra",50210000
"118691","Pănet",72310000
"118637","Papiu Ilarian",26080000
"118753","Păsăreni",30190000
"118799","Petelea",43640000
"118824","Pogăceaua",37970000
"118931","Răstolița",265980000
"118995","Rîciu",73950000
"119153","Rușii-Munți",42820000
"114382","Sâncraiu de Mureș",20590000
"114417","Sângeorgiu de Mureș",28680000
"119386","Sânger",51510000
"119466","Sânpaul",55350000
"119527","Sânpetru de Câmpie",63850000
"114453","Sântana de Mureș",25980000
"120496","Sărățeni",34330000
"119206","Saschiz",98210000
"119750","Șăulia",26250000
"119803","Șincai",33820000
"119590","Solovăstru",29830000
"119625","Stânceni",124560000
"119661","Suplac",48640000
"119723","Suseni",30640000
"119858","Tăureni",20720000
"119974","Valea Largă",33500000
"120254","Vânători",111730000
"120076","Vărgata",40330000
"120138","Vătava",169810000
"120174","Vețca",37490000
"120218","Viișoara",66870000
"120316","Voivodeni",34000000
"120343","Zagăr",39020000
"120370","Zau de Câmpie",50160000
"120726","Municipiul Piatra Neamț",77470000
"120860","Municipiul Roman",29830000
"120968","Oraș Bicaz",138900000
"124117","Oraș Roznov",40390000
"121055","Oraș Târgu Neamț",43010000
"121108","Agapia",58680000
"124938","Alexandru cel Bun",84210000
"121153","Bahna",57200000
"121242","Bălțătești",34700000
"121466","Bârgăuani",74660000
"121297","Bicaz-Chei",102340000
"121340","Bicazu Ardelean",111700000
"121386","Bira",23120000
"121607","Bodești",63140000
"125178","Boghicea",39400000
"121652","Borca",205180000
"121732","Borlești",107650000
"121796","Botești",33690000
"121876","Bozieni",46730000
"121938","Brusturi",50230000
"122061","Cândești",37740000
"122025","Ceahlău",95570000
"120888","Cordun",42330000
"122132","Costișa",26640000
"122187","Crăcăoani",134790000
"122249","Dămuc",178130000
"122285","Dobreni",23530000
"125098","Dochia",31210000
"122347","Doljești",34700000
"125132","Drăgănești",26500000
"122392","Dragomirești",40720000
"122463","Dulcești",52800000
"120771","Dumbrava Roșie",52570000
"122551","Farcașa",92330000
"122613","Făurei",52050000
"125150","Gadinți",43290000
"122828","Gârcina",122510000
"122668","Gherăești",30700000
"125114","Ghindăoani",24260000
"122702","Girov",68570000
"122864","Grințieș",138700000
"122908","Grumăzești",39800000
"122953","Hangu",121650000
"120922","Horia",40170000
"123013","Icușești",64280000
"123102","Ion Creanga",74910000
"123175","Mărgineni",59830000
"123228","Moldoveni",40370000
"125169","Negrești",34930000
"123255","Oniceni",45420000
"125141","Pâncești",37440000
"123601","Pângărați",121900000
"123371","Păstrăveni",37360000
"123424","Petricani",75680000
"123479","Piatra Șoimului",145900000
"123521","Pipirig",196810000
"123674","Podoleni",40170000
"123790","Poiana Teiului",165640000
"123709","Poienari",34740000
"123914","Răucești",77100000
"123969","Războieni",35870000
"124028","Rediu",36040000
"124073","Români",53900000
"125105","Ruginoasa",27000000
"124206","Săbăoani",33370000
"124153","Sagna",54490000
"120824","Săvinești",20140000
"124233","Secuieni",72860000
"124331","Stănița",88010000
"124411","Ștefan cel Mare",50140000
"124634","Tămășeni",23750000
"124493","Tarcău",398900000
"124563","Tașca",95630000
"124616","Tazlău",161940000
"124803","Tibucani",49700000
"124661","Timișești",49420000
"124723","Trifești",60950000
"124750","Tupilați",32410000
"124849","Urecheni",29950000
"124885","Valea Ursului",59640000
"125123","Văleni",34900000
"125016","Vânători-Neamț",167090000
"125061","Zănești",34070000
"125347","Municipiul Slatina",53930000
"125472","Municipiul Caracal",69640000
"125418","Oraș Balș",41130000
"125542","Oraș Corabia",123190000
"125622","Oraș Drăgănești-Olt",78870000
"128105","Oraș Piatra-Olt",76830000
"128374","Oraș Potcoava",65270000
"128711","Oraș Scornicești",168770000
"125659","Băbiciu",39130000
"125677","Baldovinești",21600000
"130286","Bălțeni",33350000
"125757","Bărăști",56960000
"125846","Bârza",23470000
"125873","Bobicești",51780000
"126022","Brâncoveni",45280000
"125962","Brastavățu",70340000
"125999","Brebeni",98890000
"126077","Bucinișu",27340000
"130295","Calui",26300000
"126166","Cârlogani",42010000
"126102","Cezieni",38790000
"126148","Cilieni",57370000
"126228","Colonești",49170000
"126326","Corbu",50320000
"126380","Coteana",44200000
"126406","Crâmpoia",38560000
"126503","Cungrea",67140000
"126433","Curtișoara",51770000
"126585","Dăneasa",57320000
"126647","Deveselu",56050000
"126674","Dobrețu",37250000
"126718","Dobrosloveni",57570000
"126772","Dobroteasa",36330000
"126825","Dobrun",37220000
"125490","Drăghiceni",30290000
"126905","Făgețelu",44990000
"126978","Fălcoiu",48740000
"127019","Fărcașele",48390000
"127064","Găneasa",56590000
"125588","Gârcov",33950000
"130302","Găvănești",34300000
"130311","Ghimpețeni",25290000
"127126","Giuvărăști",31720000
"127144","Gostavățu",46350000
"127171","Grădinari",20580000
"130320","Grădinile",28620000
"127224","Grojdibodu",63490000
"130339","Gura Padinii",54700000
"127251","Ianca",106720000
"127288","Iancu Jianu",47920000
"127322","Icoana",55930000
"130348","Ipotești",16370000
"127368","Izbiceni",51410000
"127386","Izvoarele",48370000
"127411","Leleasca",57420000
"127493","Mărunței",60150000
"127536","Mihăești",54330000
"127563","Milcov",24530000
"127625","Morunglav",62100000
"127689","Movileni",50470000
"127714","Nicolae Titulescu",24420000
"127750","Obârșia",41550000
"127812","Oboga",17390000
"127858","Oporelu",67400000
"127901","Optași-Măgura",29270000
"127938","Orlea",53900000
"130357","Osica de Jos",22490000
"127983","Osica de Sus",49290000
"128178","Pârșcoveni",28800000
"128052","Perieți",34160000
"128221","Pleșoiu",50520000
"128301","Poboru",68440000
"128436","Priseaca",34580000
"128472","Radomirești",101680000
"128524","Redea",124310000
"128560","Rotunda",35430000
"128588","Rusănești",60230000
"128882","Sâmburești",30730000
"130366","Sârbii - Măgura",42960000
"128613","Scărișoara",44920000
"128659","Schitu",45450000
"128864","Seaca",40110000
"129246","Șerbănești",41010000
"125374","Slătioara",17690000
"130384","Sopârlița",19200000
"128962","Spineni",73980000
"129040","Sprâncenata",64450000
"129282","Ștefan cel Mare",26580000
"129095","Stoenești",35310000
"129111","Stoicănești",100350000
"129139","Strejești",47070000
"129184","Studina",37620000
"129317","Tătulești",44940000
"129380","Teslui",57510000
"129460","Tia Mare",58060000
"129503","Topana",34620000
"129567","Traian",27420000
"129585","Tufeni",71160000
"129629","Urzica",28640000
"129718","Vădastra",21420000
"129745","Vădăstrița",41820000
"129987","Vâlcele",54710000
"129656","Valea Mare",57320000
"129763","Văleni",67230000
"129816","Verguleasa",61040000
"129898","Vișina",35000000
"130375","Vișina Nouă",20670000
"129914","Vitomirești",46260000
"130026","Vlădila",25020000
"130062","Voineasa",45820000
"130124","Vulpeni",46360000
"130231","Vulturești",45110000
"130534","Municipiul Ploiești",58280000
"131256","Municipiul Câmpina",24230000
"130954","Oraș Azuga",83040000
"130981","Oraș Băicoi",65360000
"131069","Oraș Boldești-Scăeni",34900000
"131103","Oraș Breaza",50690000
"131210","Oraș Bușteni",75280000
"131336","Oraș Comarnic",89970000
"131407","Oraș Mizil",19320000
"131443","Oraș Plopeni",4730000
"131540","Oraș Sinaia",89270000
"131577","Oraș Slănic",39200000
"131620","Oraș Urlați",43670000
"131817","Oraș Vălenii de Munte",21590000
"131899","Adunați",22700000
"131933","Albești-Paleologu",50000000
"131988","Aluniș",26780000
"132011","Apostolache",20270000
"132075","Ariceștii Rahtivani",81330000
"132137","Ariceștii Zeletin",20860000
"132164","Baba Ana",78870000
"132226","Balta Doamnei",35330000
"132271","Bălțești",36660000
"132315","Bănești",21560000
"130552","Bărcănești",37250000
"136278","Bătrâni",46330000
"130614","Berceni",31020000
"132342","Bertea",52320000
"130678","Blejoi",20240000
"132379","Boldești-Gradiștea",39390000
"130712","Brazi",45470000
"132404","Brebu",58520000
"130785","Bucov",49030000
"132459","Călugăreni",19920000
"132486","Cărbunești",21180000
"132510","Ceptura",47050000
"132574","Cerașu",120700000
"132645","Chiojdeanca",31480000
"132681","Ciorani",80460000
"136241","Cocoraștii Colt",26710000
"132716","Cocorăștii Mislii",34390000
"132752","Colceag",57950000
"132805","Cornu",15110000
"132841","Cosminele",25060000
"133018","Drăgănești",87560000
"132896","Drajna",55660000
"133090","Dumbrava",63560000
"131461","Dumbrăvești",29510000
"133278","Fântânele",18130000
"133161","Filipeștii de Pădure",48640000
"133214","Filipeștii de Târg",35260000
"133330","Florești",29630000
"133394","Fulga",74530000
"133429","Gherghița",34750000
"133508","Gorgota",32550000
"133562","Gornet",21300000
"133615","Gornet-Cricov",27940000
"133688","Gura Vadului",35730000
"131835","Gura Vitioarei",33060000
"133722","Iordăcheanu",54920000
"133795","Izvoarele",75010000
"133866","Jugureni",26850000
"133919","Lapoș",29670000
"133964","Lipănești",18060000
"134014","Măgurele",27470000
"134050","Măgureni",48010000
"134096","Măneciu",236430000
"134194","Mănești",47850000
"136250","Olari",18040000
"134336","Păcureți",27290000
"130847","Păulești",53980000
"134390","Plopu",45370000
"134443","Podenii Noi",37570000
"131274","Poiana Câmpina",15410000
"134559","Poienarii Burchii",49070000
"134648","Posești",55220000
"134755","Predeal-Sărari",24450000
"134853","Provița de Jos",25280000
"134899","Provița de Sus",19520000
"134942","Puchenii Mari",54920000
"135020","Râfov",41770000
"135128","Salcia",21560000
"135146","Sălciile",39800000
"135244","Sângeru",39900000
"135164","Scorțeni",39900000
"135226","Secăria",46270000
"135431","Șirna",50110000
"135501","Șoimari",38320000
"135547","Șotrile",29410000
"135315","Starchiojd",83040000
"135618","Ștefești",44580000
"135404","Surani",15950000
"135654","Talea",24850000
"130892","Târgșoru Vechi",48460000
"135681","Tătaru",20420000
"135725","Teișani",29280000
"135789","Telega",40150000
"135850","Tinosu",18100000
"135896","Tomșani",44560000
"136269","Vadu Săpat",19510000
"136198","Vâlcănești",27860000
"135949","Valea Călugărească",52080000
"136107","Valea Doftanei",286260000
"136134","Vărbilău",42060000
"136483","Municipiul Satu Mare",150240000
"136526","Municipiul Carei",102310000
"136848","Oraș Ardud",142360000
"138039","Oraș Livada",116130000
"136599","Oraș Negrești-Oaș",130120000
"136642","Oraș Tășnad",96600000
"136713","Acâș",63780000
"179873","Agriș",24220000
"136768","Andrid",62310000
"136802","Apa",45030000
"137103","Bârsău",52160000
"136919","Bătarci",59780000
"136964","Beltiug",117030000
"137032","Berveni",48030000
"137069","Bixad",77330000
"137130","Bogdand",82940000
"137185","Botiz",36340000
"137229","Călinești-Oaș",41880000
"137274","Cămărzana",49360000
"179677","Camin",18520000
"136553","Căpleni",31150000
"137292","Căuaș",94270000
"137363","Cehal",65430000
"137407","Certeze",101320000
"179882","Ciumești",47990000
"137443","Craidorolț",93520000
"137504","Crucișor",40920000
"137540","Culciu",79300000
"137611","Doba",68810000
"137675","Dorolț",34670000
"137728","Foieni",40370000
"137746","Gherța Mică",38850000
"137764","Halmeu",52430000
"137844","Hodod",76880000
"137899","Homoroade",105640000
"137960","Lazuri",70720000
"138084","Medieșu Aurit",103280000
"138164","Micula",37700000
"138208","Moftin",129130000
"138280","Odoreu",47170000
"138351","Orașu Nou",106800000
"138431","Păulești",60430000
"138501","Petrești",29450000
"138538","Pir",41090000
"138574","Pișcolt",71040000
"138618","Pomi",57930000
"180028","Porumbești",33400000
"138770","Săcășeni",82650000
"138663","Sanislău",72050000
"138734","Santău",82950000
"138805","Săuca",52700000
"138869","Socond",88760000
"138921","Supur",121580000
"139009","Tarna Mare",51370000
"139143","Târșolț",32350000
"139054","Terebești",55410000
"139107","Tiream",54760000
"139170","Turț",81850000
"139214","Turulung",57620000
"139250","Urziceni",32300000
"139287","Valea Vinului",88360000
"139330","Vama",51040000
"139358","Vetiș",55350000
"139394","Viile Satu Mare",80590000
"139704","Municipiul Zalău",90090000
"139740","Oraș Cehu Silvaniei",67770000
"139811","Oraș Jibou",64660000
"139884","Oraș Șimleu Silvaniei",62260000
"139937","Agrij",33030000
"139982","Almașu",159700000
"140084","Băbeni",53890000
"140146","Bălan",94700000
"140208","Bănișor",32100000
"140244","Benesat",28750000
"140280","Bobota",73240000
"140324","Bocșa",47340000
"180037","Boghis",30270000
"140379","Buciumi",96350000
"140440","Camăr",39830000
"140477","Carastelec",39070000
"140501","Chieșd",43420000
"140547","Cizer",71230000
"140583","Coșeiu",34320000
"140627","Crasna",67120000
"140672","Creaca",74160000
"140823","Crișeni",32770000
"140770","Cristolț",44660000
"140869","Cuzăplac",109140000
"140958","Dobrin",40000000
"141027","Dragu",87910000
"141081","Fildu de Jos",62880000
"141134","Gâlgău",75310000
"141232","Gârbou",100620000
"141312","Halmășd",59790000
"141376","Hereclean",71630000
"141447","Hida",101720000
"141535","Horoatu Crasnei",84390000
"141580","Ileanda",87590000
"141722","Ip",60130000
"141786","Letca",60500000
"141884","Lozna",61130000
"142006","Măeriște",74970000
"141946","Marca",48370000
"142079","Meseșenii de Jos",62860000
"142122","Mirșid",53280000
"142177","Năpradea",68490000
"142239","Nușfalău",51310000
"142284","Pericei",59600000
"142337","Plopiș",80380000
"142373","Poiana Blenchii",52980000
"142426","Românași",66360000
"142499","Rus",50970000
"142612","Sâg",87880000
"142550","Sălățig",57910000
"142854","Șamșud",29230000
"142676","Sânmihaiu Almașului",64820000
"142881","Șărmășag",58620000
"179695","Șimișna",45230000
"142710","Someș-Odorhei",78240000
"142774","Surduc",71420000
"179631","Treznea",37050000
"142952","Valcău de Jos",63230000
"143021","Vârșolț",31810000
"143067","Zalha",51100000
"143147","Zimbor",74800000
"143450","Municipiul Sibiu",121640000
"143619","Municipiul Mediaș",62650000
"143682","Oraș Agnita",96220000
"144054","Oraș Avrig",168380000
"143735","Oraș Cisnădie",138560000
"143771","Oraș Copșa Mică",25790000
"143806","Oraș Dumbrăveni",55750000
"144928","Oraș Miercurea Sibiului",85120000
"143851","Oraș Ocna Sibiului",85210000
"145499","Oraș Săliște",226780000
"145827","Oraș Tălmaciu",185150000
"146012","Alma",42490000
"143888","Alțina",80190000
"143922","Apoldu de Jos",48830000
"143959","Arpașu de Jos",119310000
"143995","Ațel",34150000
"144116","Axente Sever",72360000
"144152","Bazna",82520000
"144198","Biertan",97260000
"144232","Bîrghiș",99900000
"144303","Blăjel",34020000
"146021","Boita",100410000
"144376","Brădeni",81420000
"144349","Brateiu",35110000
"144410","Bruiu",97090000
"144508","Cârța",28900000
"144535","Cârțișoara",85760000
"144456","Chirpăr",100840000
"143487","Cristian",71160000
"144553","Dârlos",40100000
"144599","Gura Râului",105450000
"144615","Hoghilag",52130000
"144651","Iacobeni",103450000
"144713","Jina",315660000
"144731","Laslea",115200000
"144795","Loamneș",100700000
"144866","Ludoș",43370000
"144893","Marpod",44030000
"144964","Merghindeal",66550000
"144991","Micăsasa",71380000
"145042","Mihăileni",77690000
"145104","Moșna",59330000
"145140","Nocrich",115870000
"145202","Orlat",59020000
"145220","Păuca",73650000
"145275","Poiana Sibiului",23470000
"143502","Poplaca",32670000
"145293","Porumbacu de Jos",184870000
"145355","Racovița",56060000
"143520","Rășinari",127870000
"145382","Râu Sadului",30840000
"145408","Roșia",162560000
"145471","Sadu",46990000
"145667","Șeica Mare",120240000
"145738","Șeica Mica",62870000
"143557","Șelimbăr",72320000
"145603","Slimnic",107340000
"145765","Șura Mare",74850000
"145792","Șura Mica",49480000
"143646","Târnava",28310000
"145907","Tilișca",52770000
"145934","Turnu Roșu",77840000
"145961","Valea Viilor",44160000
"145998","Vurpăr",70420000
"146263","Municipiul Suceava",52100000
"146502","Municipiul Câmpulung Moldovenesc",141550000
"146539","Municipiul Fălticeni",28760000
"146628","Municipiul Rădăuți",32300000
"146744","Municipiul Vatra Dornei",144340000
"147358","Oraș Broșteni",424400000
"147633","Oraș Cajvana",24830000
"148006","Oraș Dolhasca",110360000
"148612","Oraș Frasin",87310000
"146584","Oraș Gura Humorului",69840000
"149227","Oraș Liteni",72320000
"146931","Oraș Milișăuți",33810000
"146370","Oraș Salcea",55590000
"146655","Oraș Siret",43400000
"146708","Oraș Solca",49370000
"151095","Oraș Vicovu de Sus",42420000
"146799","Adâncata",38570000
"146860","Arbore",66200000
"146904","Baia",39770000
"151530","Bălăceana",28480000
"146995","Bălcăuți",35900000
"151576","Berchisesti",16650000
"147036","Bilca",22660000
"147054","Bogdănești",24700000
"147072","Boroaia",73650000
"147134","Bosanci",49570000
"147161","Botoșana",19940000
"147205","Breaza",84640000
"147241","Brodina",192050000
"147465","Bunești",28890000
"151521","Burla",18690000
"147526","Cacica",67550000
"147580","Calafindești",24000000
"151503","Capu Câmpului",54170000
"147713","Cârlibaba",271480000
"151451","Ciocanești",110570000
"151567","Ciprian Porumbescu",28500000
"151433","Comănești",17540000
"147786","Cornu Luncii",84010000
"151497","Cosna",208280000
"147884","Crucea",151300000
"147937","Dărmănești",50510000
"148097","Dolhești",41570000
"148202","Dorna Candrenilor",192360000
"148131","Dorna-Arini",147060000
"148293","Dornești",32340000
"148328","Drăgoiești",34400000
"148382","Drăgușeni",29030000
"148426","Dumbrăveni",44770000
"151488","Fântâna Mare",25810000
"148453","Fântânele",40530000
"148514","Forăști",65530000
"148667","Frătăuții Noi",54570000
"148694","Frătăuții Vechi",35890000
"148729","Frumosu",99620000
"148765","Fundu Moldovei",175790000
"148872","Gălănești",16500000
"148916","Grămești",37270000
"148970","Grănicești",49410000
"151512","Hânțești",38490000
"151549","Hartop",15670000
"149101","Horodnic de Jos",25320000
"151479","Horodnic de Sus",57870000
"149049","Horodniceni",57020000
"149138","Iacobeni",66940000
"151442","Iaslovăț",18880000
"147660","Ilișesti",33060000
"146281","Ipotești",22820000
"149183","Izvoarele Sucevei",132700000
"149316","Mălini",151530000
"149370","Mănăstirea Humorului",97080000
"149290","Marginea",75910000
"146325","Mitocu Dragomirnei",52850000
"149414","Moara",41860000
"149502","Moldova-Sulița",98940000
"149539","Moldovița",249240000
"149584","Mușenița",39010000
"149655","Ostra",101530000
"149753","Păltinoasa",36700000
"149682","Panaci",137540000
"149780","Pârteștii de Jos",51270000
"149833","Pătrăuți",37730000
"149851","Poiana Stampei",180760000
"151585","Poieni-Solca",15260000
"149931","Pojorâta",137700000
"149968","Preutești",69980000
"150043","Putna",133700000
"150070","Rădășeni",40860000
"150114","Râșca",207140000
"150178","Sadova",68060000
"150445","Saru Dornei",180140000
"150196","Satu Mare",25160000
"146432","Șcheia",58300000
"151460","Serbăuți",34210000
"150221","Siminicea",39390000
"150258","Slatina",119580000
"150294","Straja",45050000
"150310","Stroiești",36840000
"150356","Stulpicani",216700000
"150418","Sucevița",89120000
"150524","Todirești",59830000
"150588","Udești",76210000
"150702","Ulma",52580000
"150766","Vadu Moldovei",54080000
"150891","Valea Moldovei",23030000
"150935","Vama",136280000
"150980","Vatra Moldoviței",176200000
"151022","Verești",39860000
"151077","Vicovu de Jos",42000000
"151558","Voitinel",24360000
"151120","Volovăț",22300000
"151157","Vulturești",51440000
"151246","Zamostea",46860000
"151344","Zvoriștea",67140000
"151790","Municipiul Alexandria",89920000
"151870","Municipiul Roșiori de Vede",73580000
"151683","Municipiul Turnu Măgurele",109240000
"151905","Oraș Videle",76600000
"151978","Oraș Zimnicea",131330000
"152038","Băbăița",55500000
"151996","Balaci",62750000
"155083","Beciu",35420000
"155092","Beuca",23640000
"152083","Blejești",87700000
"152127","Bogdana",68970000
"152172","Botoroaga",101530000
"152234","Bragadiru",81430000
"152252","Brânceni",36440000
"152270","Bujoreni",36480000
"152314","Bujoru",31540000
"152332","Buzescu",34980000
"152350","Călinești",79830000
"152412","Călmățuiu",75760000
"152467","Călmățuiu de Sus",61910000
"152500","Cervenia",56780000
"152528","Ciolănești",77260000
"151709","Ciuperceni",38180000
"152564","Conțești",47080000
"152582","Cosmești",63700000
"152617","Crângeni",76560000
"152662","Crângu",35800000
"151932","Crevenicu",27520000
"152724","Didești",23300000
"152760","Dobrotești",106110000
"155109","Dracea",42740000
"152797","Drăcșenei",38990000
"152868","Drăgănești de Vede",30610000
"152902","Drăgănești-Vlașca",103250000
"155118","Fântânele",42610000
"155127","Frăsinet",38130000
"152993","Frumoasa",47480000
"152948","Furculești",76670000
"153026","Gălăteni",67890000
"153062","Gratia",38190000
"151736","Islaz",95990000
"153106","Izvoarele",41090000
"153124","Lisa",76400000
"151763","Lita",49890000
"153151","Lunca",35840000
"153240","Măgura",67980000
"153277","Măldăeni",77850000
"153339","Mârzănești",88300000
"153204","Mavrodin",51830000
"153295","Mereni",80170000
"153384","Moșteni",28370000
"151816","Nanov",65730000
"153400","Năsturelu",72440000
"153437","Necșești",40900000
"154996","Nenciulesti",41050000
"153473","Olteni",41090000
"153507","Orbeasca",111650000
"153543","Peretu",73060000
"153561","Piatra",73040000
"153589","Pietroșani",101090000
"153623","Plopii-Slăvitești",56960000
"153605","Plosca",49870000
"153696","Poeni",45090000
"151834","Poroschia",45490000
"155136","Purani",22740000
"153829","Putineiu",81430000
"153865","Rădoiești",39170000
"153909","Răsmirești",30930000
"153972","Săceni",71920000
"155145","Saelele",31270000
"153936","Salcia",60410000
"154308","Sârbeni",31300000
"154013","Scrioaștea",60100000
"154068","Scurtu Mare",60140000
"154139","Seaca",98670000
"154184","Segarcea-Vale",72780000
"154166","Sfințești",40260000
"154228","Siliștea",32520000
"154282","Siliștea-Gumești",44580000
"154344","Slobozia Mândra",51510000
"154380","Smârdioasa",34710000
"154415","Stejaru",60590000
"154497","Ștorobăneasa",92810000
"154460","Suhaia",73950000
"154521","Talpa",42600000
"154585","Tătărăștii de Jos",100570000
"154665","Tătărăștii de Sus",43200000
"154834","Țigănești",57900000
"154736","Traian",54310000
"154754","Trivalea-Moșteni",91180000
"154790","Troianul",70120000
"155154","Uda-Clocociov",39470000
"154932","Vârtoape",53650000
"154852","Vedea",50750000
"154914","Viișoara",44720000
"153776","Vitănești",74870000
"154978","Zâmbreasca",30080000
"155243","Municipiul Timișoara",129270000
"155350","Municipiul Lugoj",98510000
"155403","Oraș Buziaș",105940000
"156357","Oraș Ciacova",138490000
"155458","Oraș Deta",32740000
"156801","Oraș Făget",150870000
"157086","Oraș Gătaia",143850000
"155494","Oraș Jimbolia",108610000
"158314","Oraș Recaș",229880000
"155528","Oraș Sânnicolau Mare",139030000
"155546","Balint",55600000
"155591","Banloc",117820000
"155662","Bara",70670000
"155957","Bârna",78620000
"155724","Beba Veche",94040000
"155760","Becicherecu Mic",46650000
"155797","Belinț",63200000
"155840","Bethausen",90270000
"155911","Biled",55110000
"159366","Birda",68680000
"156035","Bogda",78680000
"156106","Boldur",84880000
"156151","Brestovăț",103150000
"159516","Bucovăț",32530000
"156213","Cărpiniș",45780000
"156259","Cenad",84910000
"156277","Cenei",68230000
"159375","Checea",57080000
"156311","Chevereșu Mare",81170000
"156437","Comloșu Mare",94790000
"156473","Coșteiu",83630000
"156534","Criciova",50510000
"156589","Curtea",44340000
"156623","Darova",104590000
"156669","Denta",91390000
"159384","Dudeștii Noi",53930000
"156712","Dudeștii Vechi",128330000
"156767","Dumbrava",56670000
"155261","Dumbrăvița",18990000
"156927","Fârdea",131060000
"159393","Fibis",53090000
"157004","Foeni",64060000
"157031","Gavojdia",74940000
"159400","Ghilad",114270000
"155289","Ghiroda",34130000
"157193","Ghizela",92060000
"157246","Giarmata",71510000
"157273","Giera",91750000
"155314","Giroc",55280000
"157317","Giulvăz",102960000
"159419","Gottlob",43750000
"159428","Iecea Mare",35070000
"157362","Jamu Mare",196880000
"157424","Jebel",67430000
"157451","Lenauheim",112750000
"157497","Liebling",82260000
"159491","Livezile",55790000
"157530","Lovrin",45450000
"157736","Mănăștiur",41860000
"157585","Margina",132850000
"157683","Mașloc",82910000
"157781","Moravița",84780000
"157834","Moșnița Nouă",66370000
"157898","Nădrag",132510000
"157923","Nițchidorf",64130000
"157969","Ohaba Lungă",104790000
"158010","Orțișoara",145630000
"159525","Otelec",85860000
"159446","Pădureni",53310000
"159437","Parta",61370000
"158065","Peciu Nou",129740000
"158109","Periam",64170000
"159507","Pesac",34170000
"158136","Pietroasa",156460000
"158181","Pișchia",123610000
"158243","Racovița",117180000
"158396","Remetea Mare",72880000
"158564","Săcălaz",119490000
"158449","Sacoșu Turcesc",124530000
"158779","Șag",34020000
"158653","Sânandrei",92400000
"159464","Șandra",51810000
"158699","Sânmihaiu Român",75260000
"158733","Sânpetru Mare",101590000
"159455","Saravale",102470000
"158528","Satchinez",99880000
"158608","Secaș",57680000
"158804","Știuca",103570000
"158859","Teremia Mare",83650000
"158895","Tomești",140940000
"159473","Tomnatic",37150000
"158966","Topolovățu Mare",99870000
"159035","Tormac",134080000
"159071","Traian Vuia",69760000
"159142","Uivar",109460000
"159482","Valcani",77310000
"159213","Variaș",111670000
"159259","Victor Vlad Delamarina",139940000
"159339","Voiteg",69620000
"159614","Municipiul Tulcea",177240000
"159650","Oraș Babadag",101540000
"159687","Oraș Isaccea",103240000
"159730","Oraș Măcin",55390000
"159767","Oraș Sulina",329560000
"159785","Baia",237740000
"159847","Beidaud",128160000
"161552","Bestepe",65300000
"159883","C.A. Rosetti",276450000
"159945","Carcaliu",30530000
"159963","Casimcea",204470000
"160092","Ceamurlia de Jos",135280000
"160047","Ceatalchioi",108060000
"160127","Cerna",221650000
"160172","Chilia Veche",533580000
"160225","Ciucurova",151650000
"160261","Crișan",406260000
"160305","Dăeni",197920000
"160323","Dorobanțu",120220000
"160387","Frecăței",98600000
"160430","Greci",85500000
"160458","Grindu",117490000
"160476","Hamcearca",126800000
"160528","Horia",42000000
"161525","I.C.Brătianu",47910000
"160564","Izvoarele",97510000
"160617","Jijila",119830000
"160644","Jurilovca",302630000
"160680","Luncavița",178730000
"160724","Mahmudia",65060000
"160779","Maliuc",257760000
"160831","Mihai Bravu",69120000
"160877","Mihail Kogălniceanu",140160000
"160911","Murighiol",804490000
"160993","Nalbant",119430000
"161035","Niculițel",93670000
"161053","Nufăru",56530000
"161106","Ostrov",50240000
"161133","Pardina",308740000
"161151","Peceneaga",55230000
"161179","Sarichioi",277730000
"161231","Sfântu Gheorghe",541210000
"161259","Slava Cercheză",106250000
"161286","Smârdan",86720000
"161302","Somova",144980000
"161348","Stejaru",48290000
"161384","Topolog",167430000
"161464","Turcoaia",48970000
"161543","Văcăreni",53270000
"161482","Valea Nucarilor",155060000
"161561","Valea Teilor",47170000
"161945","Municipiul Vaslui",68440000
"161794","Municipiul Bîrlad",14560000
"161829","Municipiul Huși",63980000
"164981","Oraș Murgeni",134740000
"161856","Oraș Negrești",61030000
"162014","Albești",59100000
"162069","Alexandru Vlahuță",60310000
"162149","Arsura",40630000
"162327","Băcani",52200000
"162381","Băcești",47510000
"162452","Bălteni",32310000
"162194","Banca",104400000
"162498","Berezeni",112960000
"162559","Blăgești",48420000
"162595","Bogdana",49510000
"162693","Bogdănești",72560000
"162791","Bogdănița",48680000
"162871","Boțești",58350000
"162924","Bunești-Averești",66570000
"167268","Ciocani",39260000
"163002","Codăești",68470000
"163057","Coroiești",74930000
"163137","Costești",73600000
"167277","Cozmești",42470000
"163208","Crețești",54550000
"163253","Dănești",57930000
"163324","Deleni",41570000
"163379","Delești",39930000
"164277","Dimitrie Cantemir",91050000
"167286","Dodești",29650000
"163486","Dragomirești",74180000
"163618","Drânceni",63160000
"163681","Duda-Epureni",73950000
"163734","Dumești",57650000
"163789","Epureni",63420000
"163832","Fălciu",148570000
"167295","Ferești",25470000
"167231","Fruntișeni",36520000
"163903","Găgești",65040000
"164062","Gârceni",57760000
"163967","Gherghești",72460000
"164133","Grivița",63600000
"164197","Hoceni",93800000
"164339","Iana",44620000
"167222","Ibanești",41540000
"164393","Ivănești",81860000
"164543","Ivești",33830000
"164598","Laza",29000000
"164687","Lipovăț",71440000
"164749","Lunca Banului",83090000
"164829","Mălușteni",55530000
"164892","Miclești",43280000
"164936","Muntenii de Jos",57100000
"167302","Muntenii de Sus",22390000
"165069","Oltenești",82200000
"165130","Oșești",50960000
"165185","Pădureni",88720000
"165274","Perieni",62040000
"167311","Pochidia",41930000
"165416","Pogana",59580000
"167259","Pogonești",25920000
"165336","Poienești",41520000
"165470","Puiești",120400000
"165611","Pungești",71120000
"167320","Pușcasi",29180000
"167240","Rafaila",27280000
"165719","Rebricea",55890000
"165817","Roșiești",76490000
"165899","Solești",66880000
"165979","Stănilești",88260000
"166057","Ștefan cel Mare",48960000
"166137","Șuletea",50050000
"166235","Tăcuta",60630000
"166182","Tanacu",62110000
"166315","Tătărăni",77550000
"166413","Todirești",39050000
"166529","Tutova",53010000
"166636","Văleni",38840000
"166672","Vetrișoaia",75180000
"166707","Viișoara",51110000
"166770","Vinderei",75340000
"166869","Voinești",87310000
"166985","Vulturești",39310000
"167035","Vutcani",68050000
"167071","Zăpodeni",101160000
"167179","Zorleni",133440000
"167473","Municipiul Râmnicu Vâlcea",89520000
"167981","Municipiul Drăgășani",48210000
"168372","Oraș Băbeni",35700000
"167641","Oraș Băile Govora",13320000
"167696","Oraș Băile Olănești",164340000
"168452","Oraș Bălcești",98120000
"168602","Oraș Berbești",54340000
"167794","Oraș Brezoi",226120000
"167909","Oraș Călimănești",104530000
"168041","Oraș Horezu",117690000
"168130","Oraș Ocnele Mari",25050000
"168229","Alunu",62410000
"168309","Amărăști",28430000
"168559","Bărbătești",41250000
"168675","Berislăvești",66990000
"168755","Boișoara",79840000
"168791","Budești",56650000
"168880","Bujoreni",33120000
"168960","Bunești",22720000
"169119","Câineni",254770000
"169039","Cernișoara",59660000
"169182","Copăceni",63170000
"169253","Costești",109210000
"169306","Crețeni",26800000
"169351","Dăești",30290000
"169404","Dănicei",57250000
"174502","Diculești",32770000
"169547","Drăgoești",28580000
"169681","Fârtățești",78270000
"169583","Făurești",30850000
"169896","Frâncești",62250000
"169994","Galicea",55720000
"170097","Ghioroiu",77280000
"170168","Glăvile",50050000
"170220","Golești",60730000
"170346","Grădiștea",48140000
"170444","Gușoeni",36650000
"170514","Ionești",51480000
"174511","Lacusteni",32070000
"170685","Lădești",50130000
"170612","Laloșu",44740000
"170792","Lăpușata",47380000
"170872","Livezi",59690000
"170952","Lungești",59580000
"171101","Măciuca",46660000
"171209","Mădulari",34000000
"171021","Malaia",393220000
"171272","Măldărești",28730000
"171067","Mateești",39500000
"171325","Mihăești",53930000
"171469","Milcoiu",30570000
"174520","Mitrofani",17240000
"171539","Muereasca",42880000
"171628","Nicolae Bălcescu",77080000
"171806","Olanu",39230000
"171879","Orlești",37490000
"171931","Oteșani",34180000
"171995","Păușești",21750000
"172082","Păușești-Măglași",31550000
"172153","Perișani",157730000
"172279","Pesceana",28280000
"172340","Pietrari",19470000
"172377","Popești",52760000
"172457","Prundeni",40980000
"172509","Racovița",58360000
"172581","Roești",28780000
"172698","Roșiile",68880000
"172812","Runcu",48760000
"172894","Sălătrucel",40560000
"172947","Scundu",34990000
"172992","Sinești",41460000
"173686","Șirineasa",46960000
"173061","Slătioara",48140000
"173132","Stănești",32570000
"173748","Ștefănești",34930000
"173230","Stoenești",49690000
"173374","Stoilești",58260000
"173533","Stroești",41880000
"173793","Șușani",66120000
"173597","Sutești",24910000
"173855","Tetoiu",63490000
"174496","Titești",25590000
"173935","Tomșani",41170000
"174021","Vaideeni",157590000
"174085","Valea Mare",73670000
"174156","Vlădești",21180000
"174218","Voicești",23000000
"174254","Voineasa",461810000
"174290","Zătreni",68930000
"174744","Municipiul Focșani",48150000
"174860","Municipiul Adjud",59110000
"174922","Oraș Mărășești",87100000
"175019","Oraș Odobești",57540000
"175055","Oraș Panciu",61850000
"175126","Andreiașu de Jos",103080000
"175206","Bălești",39550000
"175224","Bârsești",27470000
"178929","Biliești",20840000
"175260","Boghești",50250000
"175368","Bolotești",96430000
"175439","Bordești",16630000
"175466","Broșteni",27130000
"174780","Câmpineanca",19570000
"175670","Câmpuri",88270000
"175732","Cârligele",40680000
"175509","Chiojdeni",71440000
"175590","Ciorăști",95230000
"175787","Corbița",57950000
"175885","Cotești",50840000
"175938","Dumbrăveni",32590000
"175983","Dumitrești",87200000
"176150","Fitionești",79450000
"176212","Garoafa",71440000
"174824","Golești",12950000
"178938","Gologanu",39810000
"176301","Gugești",30570000
"176338","Gura Caliței",115140000
"176445","Homocea",47900000
"176506","Jariștea",38740000
"176551","Jitia",45680000
"176613","Măicănești",155360000
"176686","Mera",95050000
"176748","Milcovul",27530000
"176793","Movilița",57880000
"176855","Nănești",49510000
"176891","Năruja",32960000
"178885","Negrilești",32950000
"176944","Nereju",182460000
"177003","Nistorești",250600000
"178947","Obrejița",15640000
"177101","Paltin",41280000
"178910","Paulești",173440000
"177236","Păunești",73660000
"178894","Ploscuțeni",20780000
"177263","Poiana Cristei",53560000
"178901","Popești",14460000
"177352","Pufești",56850000
"177405","Răcoasa",89900000
"178956","Răstoaca",20440000
"177469","Reghiu",66370000
"177557","Ruginești",91130000
"177600","Sihlea",91370000
"177655","Slobozia Bradului",28910000
"177726","Slobozia Ciorăști",78110000
"177762","Soveja",95450000
"178965","Spulber",33670000
"177799","Străoane",53540000
"177842","Suraia",48510000
"178046","Tâmboești",25310000
"177879","Tănăsoaia",45940000
"177986","Tătăranu",92200000
"178180","Țifești",77750000
"178117","Tulnici",227280000
"178279","Urechești",33330000
"178313","Valea Sării",53780000
"178607","Vânători",86900000
"178689","Vârteșcoiu",39320000
"178377","Vidra",122170000
"178475","Vintileasca",63320000
"178545","Vizantea-Livezi",75460000
"178750","Vrâncioaia",57990000
"178821","Vulturu",104330000
"179132","Municipiul București",237870000
